timestamp,port,pps,udp_pps,syn_pps,udp_ratio,unique_src_ips,entropy_ip,bps,entropy_port,ack_ratio,fin_ratio,rst_ratio,syn_ratio,icmp_rate,size_entropy,rule_alarm,cusum_alarm,zscore_alarm,final_alarm
1765813860362.0,0,2.0,1.0,0.0,0.5,1,1.0,1264.0,0.0,0.0,0.0,0.0,0.0,0.5,1.0,0,0,0,0
1765813860362.0,1,2.0,0.0,0.0,0.0,1,1.0,1344.0,0.0,0.0,0.0,0.0,0.0,1.0,0.0,0,0,0,0
1765813861366.0,0,2.0,1.0,0.0,0.5,1,1.0,1264.0,0.0,0.0,0.0,0.0,0.0,0.5,1.0,0,0,0,0
1765813861366.0,1,2.0,0.0,0.0,0.0,1,1.0,1344.0,0.0,0.0,0.0,0.0,0.0,1.0,0.0,0,0,0,0
1765813862370.0,0,2.0,1.0,0.0,0.5,1,1.0,1264.0,0.0,0.0,0.0,0.0,0.0,0.5,1.0,0,0,0,0
1765813862370.0,1,2.0,0.0,0.0,0.0,1,1.0,1344.0,0.0,0.0,0.0,0.0,0.0,1.0,0.0,0,0,0,0
1765813863374.0,0,2.0,1.0,0.0,0.5,1,1.0,1264.0,0.0,0.0,0.0,0.0,0.0,0.5,1.0,0,0,0,0
1765813863374.0,1,2.0,0.0,0.0,0.0,1,1.0,1344.0,0.0,0.0,0.0,0.0,0.0,1.0,0.0,0,0,0,0
1765813864379.0,0,2.0,1.0,0.0,0.5,1,1.0,1264.0,0.0,0.0,0.0,0.0,0.0,0.5,1.0,0,0,0,0
1765813864379.0,1,2.0,0.0,0.0,0.0,1,1.0,1344.0,0.0,0.0,0.0,0.0,0.0,1.0,0.0,0,0,0,0
1765813865383.0,0,1.0,1.0,0.0,1.0,1,0.0,480.0,0.0,0.0,0.0,0.0,0.0,0.0,0.0,0,0,0,0
1765813865383.0,1,1.0,0.0,0.0,0.0,1,0.0,560.0,0.0,0.0,0.0,0.0,0.0,1.0,0.0,0,0,0,0
1765813866387.0,0,3.0,1.0,0.0,0.333333,1,1.584963,1744.0,0.0,0.0,0.0,0.0,0.0,0.333333,0.918296,0,0,0,0
1765813866387.0,1,3.0,0.0,0.0,0.0,1,1.584963,1824.0,0.0,0.0,0.0,0.0,0.0,0.666667,0.918296,0,0,0,0
1765813867391.0,0,2.0,1.0,0.0,0.5,1,1.0,1264.0,0.0,0.0,0.0,0.0,0.0,0.5,1.0,0,0,0,0
1765813867391.0,1,2.0,0.0,0.0,0.0,1,1.0,1344.0,0.0,0.0,0.0,0.0,0.0,1.0,0.0,0,0,0,0
1765813868395.0,0,2.0,1.0,0.0,0.5,1,1.0,1264.0,0.0,0.0,0.0,0.0,0.0,0.5,1.0,0,0,0,0
1765813868395.0,1,2.0,0.0,0.0,0.0,1,1.0,1344.0,0.0,0.0,0.0,0.0,0.0,1.0,0.0,0,0,0,0
1765813869399.0,0,2.0,1.0,0.0,0.5,1,1.0,1264.0,0.0,0.0,0.0,0.0,0.0,0.5,1.0,0,0,0,0
1765813869399.0,1,2.0,0.0,0.0,0.0,1,1.0,1344.0,0.0,0.0,0.0,0.0,0.0,1.0,0.0,0,0,0,0
1765813870403.0,0,3.0,1.0,0.0,0.333333,1,1.584963,1744.0,0.0,0.0,0.0,0.0,0.0,0.333333,0.918296,0,0,0,0
1765813870403.0,1,3.0,0.0,0.0,0.0,1,1.584963,1824.0,0.0,0.0,0.0,0.0,0.0,0.666667,0.918296,0,0,0,0
1765813871407.0,0,2.0,1.0,0.0,0.5,1,1.0,1264.0,0.0,0.0,0.0,0.0,0.0,0.5,1.0,0,0,0,0
1765813871407.0,1,2.0,0.0,0.0,0.0,1,1.0,1344.0,0.0,0.0,0.0,0.0,0.0,1.0,0.0,0,0,0,0
1765813872411.0,0,2.0,1.0,0.0,0.5,1,1.0,1264.0,0.0,0.0,0.0,0.0,0.0,0.5,1.0,0,0,0,0
1765813872411.0,1,2.0,0.0,0.0,0.0,1,1.0,1344.0,0.0,0.0,0.0,0.0,0.0,1.0,0.0,0,0,0,0
1765813873415.0,0,2.0,1.0,0.0,0.5,1,1.0,1264.0,0.0,0.0,0.0,0.0,0.0,0.5,1.0,0,0,0,0
1765813873415.0,1,2.0,0.0,0.0,0.0,1,1.0,1344.0,0.0,0.0,0.0,0.0,0.0,1.0,0.0,0,0,0,0
1765813874419.0,0,2.0,1.0,0.0,0.5,1,1.0,1264.0,0.0,0.0,0.0,0.0,0.0,0.5,1.0,0,0,0,0
1765813874419.0,1,2.0,0.0,0.0,0.0,1,1.0,1344.0,0.0,0.0,0.0,0.0,0.0,1.0,0.0,0,0,0,0
1765813875423.0,0,2.0,1.0,0.0,0.5,1,1.0,1264.0,0.0,0.0,0.0,0.0,0.0,0.5,1.0,0,0,0,0
1765813875423.0,1,2.0,0.0,0.0,0.0,1,1.0,1344.0,0.0,0.0,0.0,0.0,0.0,1.0,0.0,0,0,0,0
1765813876427.0,0,2.0,1.0,0.0,0.5,1,1.0,1264.0,0.0,0.0,0.0,0.0,0.0,0.5,1.0,0,0,0,0
1765813876427.0,1,2.0,0.0,0.0,0.0,1,1.0,1344.0,0.0,0.0,0.0,0.0,0.0,1.0,0.0,0,0,0,0
1765813877431.0,0,2.0,1.0,0.0,0.5,1,1.0,1264.0,0.0,0.0,0.0,0.0,0.0,0.5,1.0,0,0,0,0
1765813877431.0,1,2.0,0.0,0.0,0.0,1,1.0,1344.0,0.0,0.0,0.0,0.0,0.0,1.0,0.0,0,0,0,0
1765813878435.0,0,2.0,1.0,0.0,0.5,1,1.0,1264.0,0.0,0.0,0.0,0.0,0.0,0.5,1.0,0,0,0,0
1765813878435.0,1,2.0,0.0,0.0,0.0,1,1.0,1344.0,0.0,0.0,0.0,0.0,0.0,1.0,0.0,0,0,0,0
1765813879439.0,0,2.0,1.0,0.0,0.5,1,1.0,1264.0,0.0,0.0,0.0,0.0,0.0,0.5,1.0,0,0,0,0
1765813879439.0,1,2.0,0.0,0.0,0.0,1,1.0,1344.0,0.0,0.0,0.0,0.0,0.0,1.0,0.0,0,0,0,0
1765813880443.0,0,2.0,1.0,0.0,0.5,1,1.0,1264.0,0.0,0.0,0.0,0.0,0.0,0.5,1.0,0,0,0,0
1765813880443.0,1,2.0,0.0,0.0,0.0,1,1.0,1344.0,0.0,0.0,0.0,0.0,0.0,1.0,0.0,0,0,0,0
1765813881447.0,0,2.0,1.0,0.0,0.5,1,1.0,1264.0,0.0,0.0,0.0,0.0,0.0,0.5,1.0,0,0,0,0
1765813881447.0,1,2.0,0.0,0.0,0.0,1,1.0,1344.0,0.0,0.0,0.0,0.0,0.0,1.0,0.0,0,0,0,0
1765813882451.0,0,2.0,1.0,0.0,0.5,1,1.0,1264.0,0.0,0.0,0.0,0.0,0.0,0.5,1.0,0,0,0,0
1765813882451.0,1,2.0,0.0,0.0,0.0,1,1.0,1344.0,0.0,0.0,0.0,0.0,0.0,1.0,0.0,0,0,0,0
1765813883455.0,0,2.0,1.0,0.0,0.5,1,1.0,1264.0,0.0,0.0,0.0,0.0,0.0,0.5,1.0,0,0,0,0
1765813883455.0,1,2.0,0.0,0.0,0.0,1,1.0,1344.0,0.0,0.0,0.0,0.0,0.0,1.0,0.0,0,0,0,0
1765813884460.0,0,2.0,1.0,0.0,0.5,1,1.0,1264.0,0.0,0.0,0.0,0.0,0.0,0.5,1.0,0,0,0,0
1765813884460.0,1,2.0,0.0,0.0,0.0,1,1.0,1344.0,0.0,0.0,0.0,0.0,0.0,1.0,0.0,0,0,0,0
1765813885464.0,0,2.0,1.0,0.0,0.5,1,1.0,1264.0,0.0,0.0,0.0,0.0,0.0,0.5,1.0,0,0,0,0
1765813885464.0,1,2.0,0.0,0.0,0.0,1,1.0,1344.0,0.0,0.0,0.0,0.0,0.0,1.0,0.0,0,0,0,0
1765813886468.0,0,2.0,1.0,0.0,0.5,1,1.0,1264.0,0.0,0.0,0.0,0.0,0.0,0.5,1.0,0,0,0,0
1765813886468.0,1,2.0,0.0,0.0,0.0,1,1.0,1344.0,0.0,0.0,0.0,0.0,0.0,1.0,0.0,0,0,0,0
1765813887472.0,0,2.0,1.0,0.0,0.5,1,1.0,1264.0,0.0,0.0,0.0,0.0,0.0,0.5,1.0,0,0,0,0
1765813887472.0,1,2.0,0.0,0.0,0.0,1,1.0,1344.0,0.0,0.0,0.0,0.0,0.0,1.0,0.0,0,0,0,0
1765813888476.0,0,2.0,1.0,0.0,0.5,1,1.0,1264.0,0.0,0.0,0.0,0.0,0.0,0.5,1.0,0,0,0,0
1765813888476.0,1,2.0,0.0,0.0,0.0,1,1.0,1344.0,0.0,0.0,0.0,0.0,0.0,1.0,0.0,0,0,0,0
1765813889480.0,0,2.0,1.0,0.0,0.5,1,1.0,1264.0,0.0,0.0,0.0,0.0,0.0,0.5,1.0,0,0,0,0
1765813889480.0,1,2.0,0.0,0.0,0.0,1,1.0,1344.0,0.0,0.0,0.0,0.0,0.0,1.0,0.0,0,0,0,0
1765813890484.0,0,2.0,1.0,0.0,0.5,1,1.0,1264.0,0.0,0.0,0.0,0.0,0.0,0.5,1.0,0,0,0,0
1765813890484.0,1,2.0,0.0,0.0,0.0,1,1.0,1344.0,0.0,0.0,0.0,0.0,0.0,1.0,0.0,0,0,0,0
1765813891488.0,0,2.0,1.0,0.0,0.5,1,1.0,1264.0,0.0,0.0,0.0,0.0,0.0,0.5,1.0,0,0,0,0
1765813891488.0,1,2.0,0.0,0.0,0.0,1,1.0,1344.0,0.0,0.0,0.0,0.0,0.0,1.0,0.0,0,0,0,0
1765813892492.0,0,3.0,1.0,0.0,0.333333,1,1.584963,1744.0,0.0,0.0,0.0,0.0,0.0,0.333333,0.918296,0,0,0,0
1765813892492.0,1,3.0,0.0,0.0,0.0,1,1.584963,1824.0,0.0,0.0,0.0,0.0,0.0,0.666667,0.918296,0,0,0,0
1765813893496.0,0,2.0,1.0,0.0,0.5,1,1.0,1264.0,0.0,0.0,0.0,0.0,0.0,0.5,1.0,0,0,0,0
1765813893496.0,1,2.0,0.0,0.0,0.0,1,1.0,1344.0,0.0,0.0,0.0,0.0,0.0,1.0,0.0,0,0,0,0
1765813894500.0,0,2.0,1.0,0.0,0.5,1,1.0,1264.0,0.0,0.0,0.0,0.0,0.0,0.5,1.0,0,0,0,0
1765813894500.0,1,2.0,0.0,0.0,0.0,1,1.0,1344.0,0.0,0.0,0.0,0.0,0.0,1.0,0.0,0,0,0,0
1765813895504.0,0,2.0,1.0,0.0,0.5,1,1.0,1264.0,0.0,0.0,0.0,0.0,0.0,0.5,1.0,0,0,0,0
1765813895504.0,1,2.0,0.0,0.0,0.0,1,1.0,1344.0,0.0,0.0,0.0,0.0,0.0,1.0,0.0,0,0,0,0
1765813896508.0,0,2.0,1.0,0.0,0.5,1,1.0,1264.0,0.0,0.0,0.0,0.0,0.0,0.5,1.0,0,0,0,0
1765813896508.0,1,2.0,0.0,0.0,0.0,1,1.0,1344.0,0.0,0.0,0.0,0.0,0.0,1.0,0.0,0,0,0,0
1765813897512.0,0,2.0,1.0,0.0,0.5,1,1.0,1264.0,0.0,0.0,0.0,0.0,0.0,0.5,1.0,0,0,0,0
1765813897512.0,1,2.0,0.0,0.0,0.0,1,1.0,1344.0,0.0,0.0,0.0,0.0,0.0,1.0,0.0,0,0,0,0
1765813898516.0,0,2.0,1.0,0.0,0.5,1,1.0,1264.0,0.0,0.0,0.0,0.0,0.0,0.5,1.0,0,0,0,0
1765813898516.0,1,2.0,0.0,0.0,0.0,1,1.0,1344.0,0.0,0.0,0.0,0.0,0.0,1.0,0.0,0,0,0,0
1765813899520.0,0,2.0,1.0,0.0,0.5,1,1.0,1264.0,0.0,0.0,0.0,0.0,0.0,0.5,1.0,0,0,0,0
1765813899520.0,1,2.0,0.0,0.0,0.0,1,1.0,1344.0,0.0,0.0,0.0,0.0,0.0,1.0,0.0,0,0,0,0
1765813900525.0,0,2.0,1.0,0.0,0.5,1,1.0,1264.0,0.0,0.0,0.0,0.0,0.0,0.5,1.0,0,0,0,0
1765813900525.0,1,2.0,0.0,0.0,0.0,1,1.0,1344.0,0.0,0.0,0.0,0.0,0.0,1.0,0.0,0,0,0,0
1765813901529.0,0,2.0,1.0,0.0,0.5,1,1.0,1264.0,0.0,0.0,0.0,0.0,0.0,0.5,1.0,0,0,0,0
1765813901529.0,1,2.0,0.0,0.0,0.0,1,1.0,1344.0,0.0,0.0,0.0,0.0,0.0,1.0,0.0,0,0,0,0
1765813902533.0,0,2.0,1.0,0.0,0.5,1,1.0,1264.0,0.0,0.0,0.0,0.0,0.0,0.5,1.0,0,0,0,0
1765813902533.0,1,2.0,0.0,0.0,0.0,1,1.0,1344.0,0.0,0.0,0.0,0.0,0.0,1.0,0.0,0,0,0,0
1765813903537.0,0,2.0,1.0,0.0,0.5,1,1.0,1264.0,0.0,0.0,0.0,0.0,0.0,0.5,1.0,0,0,0,0
1765813903537.0,1,2.0,0.0,0.0,0.0,1,1.0,1344.0,0.0,0.0,0.0,0.0,0.0,1.0,0.0,0,0,0,0
1765813904541.0,0,2.0,1.0,0.0,0.5,1,1.0,1264.0,0.0,0.0,0.0,0.0,0.0,0.5,1.0,0,0,0,0
1765813904541.0,1,2.0,0.0,0.0,0.0,1,1.0,1344.0,0.0,0.0,0.0,0.0,0.0,1.0,0.0,0,0,0,0
1765813905545.0,0,2.0,1.0,0.0,0.5,1,1.0,1264.0,0.0,0.0,0.0,0.0,0.0,0.5,1.0,0,0,0,0
1765813905545.0,1,2.0,0.0,0.0,0.0,1,1.0,1344.0,0.0,0.0,0.0,0.0,0.0,1.0,0.0,0,0,0,0
1765813906549.0,0,2.0,1.0,0.0,0.5,1,1.0,1264.0,0.0,0.0,0.0,0.0,0.0,0.5,1.0,0,0,0,0
1765813906549.0,1,2.0,0.0,0.0,0.0,1,1.0,1344.0,0.0,0.0,0.0,0.0,0.0,1.0,0.0,0,0,0,0
1765813907553.0,0,2.0,1.0,0.0,0.5,1,1.0,1264.0,0.0,0.0,0.0,0.0,0.0,0.5,1.0,0,0,0,0
1765813907553.0,1,2.0,0.0,0.0,0.0,1,1.0,1344.0,0.0,0.0,0.0,0.0,0.0,1.0,0.0,0,0,0,0
1765813908557.0,0,2.0,1.0,0.0,0.5,1,1.0,1264.0,0.0,0.0,0.0,0.0,0.0,0.5,1.0,0,0,0,0
1765813908557.0,1,2.0,0.0,0.0,0.0,1,1.0,1344.0,0.0,0.0,0.0,0.0,0.0,1.0,0.0,0,0,0,0
1765813909561.0,0,2.0,1.0,0.0,0.5,1,1.0,1264.0,0.0,0.0,0.0,0.0,0.0,0.5,1.0,0,0,0,0
1765813909561.0,1,2.0,0.0,0.0,0.0,1,1.0,1344.0,0.0,0.0,0.0,0.0,0.0,1.0,0.0,0,0,0,0
1765813910565.0,0,2.0,1.0,0.0,0.5,1,1.0,1264.0,0.0,0.0,0.0,0.0,0.0,0.5,1.0,0,0,0,0
1765813910565.0,1,2.0,0.0,0.0,0.0,1,1.0,1344.0,0.0,0.0,0.0,0.0,0.0,1.0,0.0,0,0,0,0
1765813911569.0,0,2.0,1.0,0.0,0.5,1,1.0,1264.0,0.0,0.0,0.0,0.0,0.0,0.5,1.0,0,0,0,0
1765813911569.0,1,2.0,0.0,0.0,0.0,1,1.0,1344.0,0.0,0.0,0.0,0.0,0.0,1.0,0.0,0,0,0,0
1765813912573.0,0,2.0,1.0,0.0,0.5,1,1.0,1264.0,0.0,0.0,0.0,0.0,0.0,0.5,1.0,0,0,0,0
1765813912573.0,1,2.0,0.0,0.0,0.0,1,1.0,1344.0,0.0,0.0,0.0,0.0,0.0,1.0,0.0,0,0,0,0
1765813913577.0,0,2.0,1.0,0.0,0.5,1,1.0,1264.0,0.0,0.0,0.0,0.0,0.0,0.5,1.0,0,0,0,0
1765813913577.0,1,2.0,0.0,0.0,0.0,1,1.0,1344.0,0.0,0.0,0.0,0.0,0.0,1.0,0.0,0,0,0,0
1765813914581.0,0,2.0,1.0,0.0,0.5,1,1.0,1264.0,0.0,0.0,0.0,0.0,0.0,0.5,1.0,0,0,0,0
1765813914581.0,1,2.0,0.0,0.0,0.0,1,1.0,1344.0,0.0,0.0,0.0,0.0,0.0,1.0,0.0,0,0,0,0
1765813915585.0,0,2.0,1.0,0.0,0.5,1,1.0,960.0,0.0,0.0,0.0,0.0,0.0,0.0,0.0,0,0,0,0
1765813915585.0,1,2.0,0.0,0.0,0.0,1,1.0,1040.0,0.0,0.0,0.0,0.0,0.0,0.5,1.0,0,0,0,0
1765813916589.0,0,2.0,1.0,0.0,0.5,1,1.0,1264.0,0.0,0.0,0.0,0.0,0.0,0.5,1.0,0,0,0,0
1765813916589.0,1,2.0,0.0,0.0,0.0,1,1.0,1344.0,0.0,0.0,0.0,0.0,0.0,1.0,0.0,0,0,0,0
1765813917593.0,0,2.0,1.0,0.0,0.5,1,1.0,1264.0,0.0,0.0,0.0,0.0,0.0,0.5,1.0,0,0,0,0
1765813917593.0,1,2.0,0.0,0.0,0.0,1,1.0,1344.0,0.0,0.0,0.0,0.0,0.0,1.0,0.0,0,0,0,0
1765813918598.0,0,2.0,1.0,0.0,0.5,1,1.0,1264.0,0.0,0.0,0.0,0.0,0.0,0.5,1.0,0,0,0,0
1765813918598.0,1,2.0,0.0,0.0,0.0,1,1.0,1344.0,0.0,0.0,0.0,0.0,0.0,1.0,0.0,0,0,0,0
1765813919602.0,0,3.0,1.0,0.0,0.333333,1,1.584963,1744.0,0.0,0.0,0.0,0.0,0.0,0.333333,0.918296,0,1,0,0
1765813919602.0,1,3.0,0.0,0.0,0.0,1,1.584963,1824.0,0.0,0.0,0.0,0.0,0.0,0.666667,0.918296,0,0,0,0
1765813920606.0,0,2.0,1.0,0.0,0.5,1,1.0,1264.0,0.0,0.0,0.0,0.0,0.0,0.5,1.0,0,0,0,0
1765813920606.0,1,2.0,0.0,0.0,0.0,1,1.0,1344.0,0.0,0.0,0.0,0.0,0.0,1.0,0.0,0,0,0,0
1765813921610.0,0,2.0,1.0,0.0,0.5,1,1.0,1264.0,0.0,0.0,0.0,0.0,0.0,0.5,1.0,0,0,0,0
1765813921610.0,1,2.0,0.0,0.0,0.0,1,1.0,1344.0,0.0,0.0,0.0,0.0,0.0,1.0,0.0,0,0,0,0
1765813922614.0,0,2.0,1.0,0.0,0.5,1,1.0,1264.0,0.0,0.0,0.0,0.0,0.0,0.5,1.0,0,0,0,0
1765813922614.0,1,2.0,0.0,0.0,0.0,1,1.0,1344.0,0.0,0.0,0.0,0.0,0.0,1.0,0.0,0,0,0,0
1765813923618.0,0,2.0,1.0,0.0,0.5,1,1.0,1264.0,0.0,0.0,0.0,0.0,0.0,0.5,1.0,0,0,0,0
1765813923618.0,1,2.0,0.0,0.0,0.0,1,1.0,1344.0,0.0,0.0,0.0,0.0,0.0,1.0,0.0,0,0,0,0
1765813924622.0,0,2.0,1.0,0.0,0.5,1,1.0,1264.0,0.0,0.0,0.0,0.0,0.0,0.5,1.0,0,0,0,0
1765813924622.0,1,2.0,0.0,0.0,0.0,1,1.0,1344.0,0.0,0.0,0.0,0.0,0.0,1.0,0.0,0,0,0,0
1765813925626.0,0,2.0,1.0,0.0,0.5,1,1.0,1264.0,0.0,0.0,0.0,0.0,0.0,0.5,1.0,0,0,0,0
1765813925626.0,1,2.0,0.0,0.0,0.0,1,1.0,1344.0,0.0,0.0,0.0,0.0,0.0,1.0,0.0,0,0,0,0
1765813926630.0,0,2.0,1.0,0.0,0.5,1,1.0,1264.0,0.0,0.0,0.0,0.0,0.0,0.5,1.0,0,0,0,0
1765813926630.0,1,2.0,0.0,0.0,0.0,1,1.0,1344.0,0.0,0.0,0.0,0.0,0.0,1.0,0.0,0,0,0,0
1765813927634.0,0,2.0,1.0,0.0,0.5,1,1.0,1264.0,0.0,0.0,0.0,0.0,0.0,0.5,1.0,0,0,0,0
1765813927634.0,1,2.0,0.0,0.0,0.0,1,1.0,1344.0,0.0,0.0,0.0,0.0,0.0,1.0,0.0,0,0,0,0
1765813928638.0,0,2.0,1.0,0.0,0.5,1,1.0,1264.0,0.0,0.0,0.0,0.0,0.0,0.5,1.0,0,0,0,0
1765813928638.0,1,2.0,0.0,0.0,0.0,1,1.0,1344.0,0.0,0.0,0.0,0.0,0.0,1.0,0.0,0,0,0,0
1765813929642.0,0,2.0,1.0,0.0,0.5,1,1.0,1264.0,0.0,0.0,0.0,0.0,0.0,0.5,1.0,0,0,0,0
1765813929642.0,1,2.0,0.0,0.0,0.0,1,1.0,1344.0,0.0,0.0,0.0,0.0,0.0,1.0,0.0,0,0,0,0
1765813930646.0,0,2.0,1.0,0.0,0.5,1,1.0,1264.0,0.0,0.0,0.0,0.0,0.0,0.5,1.0,0,0,0,0
1765813930646.0,1,2.0,0.0,0.0,0.0,1,1.0,1344.0,0.0,0.0,0.0,0.0,0.0,1.0,0.0,0,0,0,0
1765813931650.0,0,2.0,1.0,0.0,0.5,1,1.0,1264.0,0.0,0.0,0.0,0.0,0.0,0.5,1.0,0,0,0,0
1765813931650.0,1,2.0,0.0,0.0,0.0,1,1.0,1344.0,0.0,0.0,0.0,0.0,0.0,1.0,0.0,0,0,0,0
1765813932654.0,0,2.0,1.0,0.0,0.5,1,1.0,1264.0,0.0,0.0,0.0,0.0,0.0,0.5,1.0,0,0,0,0
1765813932654.0,1,2.0,0.0,0.0,0.0,1,1.0,1344.0,0.0,0.0,0.0,0.0,0.0,1.0,0.0,0,0,0,0
1765813933658.0,0,2.0,1.0,0.0,0.5,1,1.0,1264.0,0.0,0.0,0.0,0.0,0.0,0.5,1.0,0,0,0,0
1765813933658.0,1,2.0,0.0,0.0,0.0,1,1.0,1344.0,0.0,0.0,0.0,0.0,0.0,1.0,0.0,0,0,0,0
1765813934662.0,0,2.0,1.0,0.0,0.5,1,1.0,1264.0,0.0,0.0,0.0,0.0,0.0,0.5,1.0,0,0,0,0
1765813934662.0,1,2.0,0.0,0.0,0.0,1,1.0,1344.0,0.0,0.0,0.0,0.0,0.0,1.0,0.0,0,0,0,0
1765813935666.0,0,2.0,1.0,0.0,0.5,1,1.0,1264.0,0.0,0.0,0.0,0.0,0.0,0.5,1.0,0,0,0,0
1765813935666.0,1,2.0,0.0,0.0,0.0,1,1.0,1344.0,0.0,0.0,0.0,0.0,0.0,1.0,0.0,0,0,0,0
1765813936670.0,0,2.0,1.0,0.0,0.5,1,1.0,1264.0,0.0,0.0,0.0,0.0,0.0,0.5,1.0,0,0,0,0
1765813936670.0,1,2.0,0.0,0.0,0.0,1,1.0,1344.0,0.0,0.0,0.0,0.0,0.0,1.0,0.0,0,0,0,0
1765813937675.0,0,2.0,1.0,0.0,0.5,1,1.0,1264.0,0.0,0.0,0.0,0.0,0.0,0.5,1.0,0,0,0,0
1765813937675.0,1,2.0,0.0,0.0,0.0,1,1.0,1344.0,0.0,0.0,0.0,0.0,0.0,1.0,0.0,0,0,0,0
1765813938679.0,0,2.0,1.0,0.0,0.5,1,1.0,1264.0,0.0,0.0,0.0,0.0,0.0,0.5,1.0,0,0,0,0
1765813938679.0,1,2.0,0.0,0.0,0.0,1,1.0,1344.0,0.0,0.0,0.0,0.0,0.0,1.0,0.0,0,0,0,0
1765813939683.0,0,2.0,1.0,0.0,0.5,1,1.0,1264.0,0.0,0.0,0.0,0.0,0.0,0.5,1.0,0,0,0,0
1765813939683.0,1,2.0,0.0,0.0,0.0,1,1.0,1344.0,0.0,0.0,0.0,0.0,0.0,1.0,0.0,0,0,0,0
1765813940687.0,0,2.0,1.0,0.0,0.5,1,1.0,1264.0,0.0,0.0,0.0,0.0,0.0,0.5,1.0,0,0,0,0
1765813940687.0,1,2.0,0.0,0.0,0.0,1,1.0,1344.0,0.0,0.0,0.0,0.0,0.0,1.0,0.0,0,0,0,0
1765813941691.0,0,2.0,1.0,0.0,0.5,1,1.0,1264.0,0.0,0.0,0.0,0.0,0.0,0.5,1.0,0,0,0,0
1765813941691.0,1,2.0,0.0,0.0,0.0,1,1.0,1344.0,0.0,0.0,0.0,0.0,0.0,1.0,0.0,0,0,0,0
1765813942695.0,0,2.0,1.0,0.0,0.5,1,1.0,1264.0,0.0,0.0,0.0,0.0,0.0,0.5,1.0,0,0,0,0
1765813942695.0,1,2.0,0.0,0.0,0.0,1,1.0,1344.0,0.0,0.0,0.0,0.0,0.0,1.0,0.0,0,0,0,0
1765813943699.0,0,2.0,1.0,0.0,0.5,1,1.0,1264.0,0.0,0.0,0.0,0.0,0.0,0.5,1.0,0,0,0,0
1765813943699.0,1,2.0,0.0,0.0,0.0,1,1.0,1344.0,0.0,0.0,0.0,0.0,0.0,1.0,0.0,0,0,0,0
1765813944703.0,0,2.0,1.0,0.0,0.5,1,1.0,1264.0,0.0,0.0,0.0,0.0,0.0,0.5,1.0,0,0,0,0
1765813944703.0,1,2.0,0.0,0.0,0.0,1,1.0,1344.0,0.0,0.0,0.0,0.0,0.0,1.0,0.0,0,0,0,0
1765813945707.0,0,3.0,1.0,0.0,0.333333,1,1.584963,1744.0,0.0,0.0,0.0,0.0,0.0,0.333333,0.918296,0,1,0,0
1765813945707.0,1,3.0,0.0,0.0,0.0,1,1.584963,1824.0,0.0,0.0,0.0,0.0,0.0,0.666667,0.918296,0,0,0,0
1765813946711.0,0,2.0,1.0,0.0,0.5,1,1.0,1264.0,0.0,0.0,0.0,0.0,0.0,0.5,1.0,0,0,0,0
1765813946711.0,1,2.0,0.0,0.0,0.0,1,1.0,1344.0,0.0,0.0,0.0,0.0,0.0,1.0,0.0,0,0,0,0
1765813947715.0,0,2.0,1.0,0.0,0.5,1,1.0,1264.0,0.0,0.0,0.0,0.0,0.0,0.5,1.0,0,0,0,0
1765813947715.0,1,2.0,0.0,0.0,0.0,1,1.0,1344.0,0.0,0.0,0.0,0.0,0.0,1.0,0.0,0,0,0,0
1765813948719.0,0,2.0,1.0,0.0,0.5,1,1.0,1264.0,0.0,0.0,0.0,0.0,0.0,0.5,1.0,0,0,0,0
1765813948719.0,1,2.0,0.0,0.0,0.0,1,1.0,1344.0,0.0,0.0,0.0,0.0,0.0,1.0,0.0,0,0,0,0
1765813949723.0,0,2.0,1.0,0.0,0.5,1,1.0,1264.0,0.0,0.0,0.0,0.0,0.0,0.5,1.0,0,0,0,0
1765813949723.0,1,3.0,0.0,0.0,0.0,1,1.584963,1824.0,0.0,0.0,0.0,0.0,0.0,0.666667,0.918296,0,0,0,0
1765813950728.0,0,2.0,1.0,0.0,0.5,1,1.0,1264.0,0.0,0.0,0.0,0.0,0.0,0.5,1.0,0,0,0,0
1765813950728.0,1,3.0,0.0,0.0,0.0,1,1.584963,1824.0,0.0,0.0,0.0,0.0,0.0,0.666667,0.918296,0,0,0,0
1765813951732.0,0,3.0,1.0,0.0,0.333333,1,1.584963,1744.0,0.0,0.0,0.0,0.0,0.0,0.333333,0.918296,0,0,0,0
1765813951732.0,1,3.0,0.0,0.0,0.0,1,1.584963,1824.0,0.0,0.0,0.0,0.0,0.0,0.666667,0.918296,0,0,0,0
1765813952736.0,0,2.0,0.0,0.0,0.0,1,1.0,1264.0,0.0,0.0,0.0,0.0,0.0,0.5,1.0,0,0,0,0
1765813952736.0,1,2.0,0.0,0.0,0.0,1,1.0,1264.0,0.0,0.0,0.0,0.0,0.0,0.5,1.0,0,0,0,0
1765813953740.0,0,2.0,0.0,0.0,0.0,1,1.0,1264.0,0.0,0.0,0.0,0.0,0.0,0.5,1.0,0,0,0,0
1765813953740.0,1,2.0,0.0,0.0,0.0,1,1.0,1264.0,0.0,0.0,0.0,0.0,0.0,0.5,1.0,0,0,0,0
1765813954744.0,0,2.0,0.0,0.0,0.0,1,1.0,1264.0,0.0,0.0,0.0,0.0,0.0,0.5,1.0,0,0,0,0
1765813954744.0,1,2.0,0.0,0.0,0.0,1,1.0,1264.0,0.0,0.0,0.0,0.0,0.0,0.5,1.0,0,0,0,0
1765813955748.0,0,2.0,0.0,0.0,0.0,1,1.0,1264.0,0.0,0.0,0.0,0.0,0.0,0.5,1.0,0,0,0,0
1765813955748.0,1,2.0,0.0,0.0,0.0,1,1.0,1264.0,0.0,0.0,0.0,0.0,0.0,0.5,1.0,0,0,0,0
1765813956752.0,0,2.0,0.0,0.0,0.0,1,1.0,1264.0,0.0,0.0,0.0,0.0,0.0,0.5,1.0,0,0,0,0
1765813956752.0,1,2.0,0.0,0.0,0.0,1,1.0,1264.0,0.0,0.0,0.0,0.0,0.0,0.5,1.0,0,0,0,0
1765813957756.0,0,8017.0,8015.0,0.0,0.999751,1,12.968847,3848464.0,0.0,0.0,0.0,0.0,0.0,0.000125,0.001798,1,1,1,1
1765813957756.0,1,8.0,0.0,0.0,0.0,1,3.0,4624.0,0.0,0.0,0.0,0.0,0.0,0.875,0.543564,0,0,0,0
1765813958760.0,0,59794.0,59792.0,0.0,0.999967,1,15.867713,28701424.0,0.0,0.0,0.0,0.0,0.0,1.7e-05,0.00029,1,1,1,1
1765813958760.0,1,3.0,0.0,0.0,0.0,1,1.584963,1824.0,0.0,0.0,0.0,0.0,0.0,0.666667,0.918296,0,0,0,0
1765813959764.0,0,56650.0,56648.0,0.0,0.999965,1,15.789788,27192304.0,0.0,0.0,0.0,0.0,0.0,1.8e-05,0.000304,1,1,1,1
1765813959764.0,1,3.0,0.0,0.0,0.0,1,1.584963,1824.0,0.0,0.0,0.0,0.0,0.0,0.666667,0.918296,0,0,0,0
1765813960768.0,0,60220.0,60218.0,0.0,0.999967,1,15.877955,28905904.0,0.0,0.0,0.0,0.0,0.0,1.7e-05,0.000288,1,1,1,1
1765813960768.0,1,3.0,0.0,0.0,0.0,1,1.584963,1824.0,0.0,0.0,0.0,0.0,0.0,0.666667,0.918296,0,0,0,0
1765813961772.0,0,53410.0,53407.0,0.0,0.999944,1,15.704822,25637104.0,0.0,0.0,0.0,0.0,0.0,1.9e-05,0.000321,1,1,1,1
1765813961772.0,1,4.0,0.0,0.0,0.0,1,2.0,2304.0,0.0,0.0,0.0,0.0,0.0,0.5,1.0,0,0,0,0
1765813962776.0,0,60482.0,60480.0,0.0,0.999967,1,15.884218,29031664.0,0.0,0.0,0.0,0.0,0.0,1.7e-05,0.000286,1,1,1,1
1765813962776.0,1,3.0,0.0,0.0,0.0,1,1.584963,1824.0,0.0,0.0,0.0,0.0,0.0,0.666667,0.918296,0,0,0,0
1765813963780.0,0,60550.0,60548.0,0.0,0.999967,1,15.885839,29064304.0,0.0,0.0,0.0,0.0,0.0,1.7e-05,0.000286,1,1,1,1
1765813963780.0,1,3.0,0.0,0.0,0.0,1,1.584963,1824.0,0.0,0.0,0.0,0.0,0.0,0.666667,0.918296,0,0,0,0
1765813964784.0,0,60386.0,60384.0,0.0,0.999967,1,15.881926,28985584.0,0.0,0.0,0.0,0.0,0.0,1.7e-05,0.000287,1,1,1,1
1765813964784.0,1,3.0,0.0,0.0,0.0,1,1.584963,1824.0,0.0,0.0,0.0,0.0,0.0,0.666667,0.918296,0,0,0,0
1765813965789.0,0,60478.0,60476.0,0.0,0.999967,1,15.884123,29029744.0,0.0,0.0,0.0,0.0,0.0,1.7e-05,0.000286,1,1,1,1
1765813965789.0,1,3.0,0.0,0.0,0.0,1,1.584963,1824.0,0.0,0.0,0.0,0.0,0.0,0.666667,0.918296,0,0,0,0
1765813966793.0,0,60097.0,60095.0,0.0,0.999967,1,15.875005,28846864.0,0.0,0.0,0.0,0.0,0.0,1.7e-05,0.000288,1,1,1,1
1765813966793.0,1,3.0,0.0,0.0,0.0,1,1.584963,1824.0,0.0,0.0,0.0,0.0,0.0,0.666667,0.918296,0,0,0,0
1765813967797.0,0,60644.0,60644.0,0.0,1.0,1,15.888077,29109120.0,0.0,0.0,0.0,0.0,0.0,0.0,0.0,1,1,1,1
1765813967797.0,1,2.0,0.0,0.0,0.0,1,1.0,1040.0,0.0,0.0,0.0,0.0,0.0,0.5,1.0,0,0,0,0
1765813968801.0,0,60608.0,60606.0,0.0,0.999967,1,15.887221,29092144.0,0.0,0.0,0.0,0.0,0.0,1.6e-05,0.000286,1,1,1,1
1765813968801.0,1,3.0,0.0,0.0,0.0,1,1.584963,1824.0,0.0,0.0,0.0,0.0,0.0,0.666667,0.918296,0,0,0,0
1765813969805.0,0,60554.0,60552.0,0.0,0.999967,1,15.885935,29066224.0,0.0,0.0,0.0,0.0,0.0,1.7e-05,0.000286,1,1,1,1
1765813969805.0,1,3.0,0.0,0.0,0.0,1,1.584963,1824.0,0.0,0.0,0.0,0.0,0.0,0.666667,0.918296,0,0,0,0
1765813970809.0,0,60545.0,60543.0,0.0,0.999967,1,15.88572,29061904.0,0.0,0.0,0.0,0.0,0.0,1.7e-05,0.000286,1,1,1,1
1765813970809.0,1,3.0,0.0,0.0,0.0,1,1.584963,1824.0,0.0,0.0,0.0,0.0,0.0,0.666667,0.918296,0,0,0,0
1765813971813.0,0,60602.0,60600.0,0.0,0.999967,1,15.887078,29089264.0,0.0,0.0,0.0,0.0,0.0,1.7e-05,0.000286,1,1,1,1
1765813971813.0,1,3.0,0.0,0.0,0.0,1,1.584963,1824.0,0.0,0.0,0.0,0.0,0.0,0.666667,0.918296,0,0,0,0
1765813972817.0,0,60764.0,60761.0,0.0,0.999951,1,15.890929,29167024.0,0.0,0.0,0.0,0.0,0.0,1.6e-05,0.000285,1,1,1,1
1765813972817.0,1,4.0,0.0,0.0,0.0,1,2.0,2304.0,0.0,0.0,0.0,0.0,0.0,0.5,1.0,0,0,0,0
1765813973821.0,0,60674.0,60673.0,0.0,0.999984,1,15.888791,29123824.0,0.0,0.0,0.0,0.0,0.0,1.6e-05,0.000286,1,1,1,1
1765813973821.0,1,3.0,0.0,0.0,0.0,1,1.584963,1824.0,0.0,0.0,0.0,0.0,0.0,0.666667,0.918296,0,0,0,0
1765813974825.0,0,60516.0,60515.0,0.0,0.999983,1,15.885029,29047984.0,0.0,0.0,0.0,0.0,0.0,1.7e-05,0.000286,1,1,1,1
1765813974825.0,1,3.0,0.0,0.0,0.0,1,1.584963,1824.0,0.0,0.0,0.0,0.0,0.0,0.666667,0.918296,0,0,0,0
1765813975829.0,0,58824.0,58823.0,0.0,0.999983,1,15.844117,28235824.0,0.0,0.0,0.0,0.0,0.0,1.7e-05,0.000294,1,1,1,1
1765813975829.0,1,3.0,0.0,0.0,0.0,1,1.584963,1824.0,0.0,0.0,0.0,0.0,0.0,0.666667,0.918296,0,0,0,0
1765813976833.0,0,61133.0,61132.0,0.0,0.999984,1,15.899664,29344144.0,0.0,0.0,0.0,0.0,0.0,1.6e-05,0.000284,1,1,1,1
1765813976833.0,1,3.0,0.0,0.0,0.0,1,1.584963,1824.0,0.0,0.0,0.0,0.0,0.0,0.666667,0.918296,0,0,0,0
1765813977837.0,0,60630.0,60629.0,0.0,0.999984,1,15.887744,29102704.0,0.0,0.0,0.0,0.0,0.0,1.6e-05,0.000286,1,1,1,1
1765813977837.0,1,3.0,0.0,0.0,0.0,1,1.584963,1824.0,0.0,0.0,0.0,0.0,0.0,0.666667,0.918296,0,0,0,0
1765813978841.0,0,60332.0,60331.0,0.0,0.999983,1,15.880636,28959664.0,0.0,0.0,0.0,0.0,0.0,1.7e-05,0.000287,1,1,1,1
1765813978841.0,1,3.0,0.0,0.0,0.0,1,1.584963,1824.0,0.0,0.0,0.0,0.0,0.0,0.666667,0.918296,0,0,0,0
1765813979846.0,0,60082.0,60081.0,0.0,0.999983,1,15.874645,28839664.0,0.0,0.0,0.0,0.0,0.0,1.7e-05,0.000288,1,1,1,1
1765813979846.0,1,3.0,0.0,0.0,0.0,1,1.584963,1824.0,0.0,0.0,0.0,0.0,0.0,0.666667,0.918296,0,0,0,0
1765813980850.0,0,60540.0,60539.0,0.0,0.999983,1,15.885601,29059504.0,0.0,0.0,0.0,0.0,0.0,1.7e-05,0.000286,1,1,1,1
1765813980850.0,1,3.0,0.0,0.0,0.0,1,1.584963,1824.0,0.0,0.0,0.0,0.0,0.0,0.666667,0.918296,0,0,0,0
1765813981854.0,0,60500.0,60499.0,0.0,0.999983,1,15.884648,29040304.0,0.0,0.0,0.0,0.0,0.0,1.7e-05,0.000286,1,1,1,1
1765813981854.0,1,3.0,0.0,0.0,0.0,1,1.584963,1824.0,0.0,0.0,0.0,0.0,0.0,0.666667,0.918296,0,0,0,0
1765813982858.0,0,60676.0,60675.0,0.0,0.999984,1,15.888838,29124784.0,0.0,0.0,0.0,0.0,0.0,1.6e-05,0.000286,1,1,1,1
1765813982858.0,1,3.0,0.0,0.0,0.0,1,1.584963,1824.0,0.0,0.0,0.0,0.0,0.0,0.666667,0.918296,0,0,0,0
1765813983862.0,0,60626.0,60625.0,0.0,0.999984,1,15.887649,29100784.0,0.0,0.0,0.0,0.0,0.0,1.6e-05,0.000286,1,1,1,1
1765813983862.0,1,3.0,0.0,0.0,0.0,1,1.584963,1824.0,0.0,0.0,0.0,0.0,0.0,0.666667,0.918296,0,0,0,0
1765813984866.0,0,60502.0,60501.0,0.0,0.999983,1,15.884695,29041264.0,0.0,0.0,0.0,0.0,0.0,1.7e-05,0.000286,1,1,1,1
1765813984866.0,1,3.0,0.0,0.0,0.0,1,1.584963,1824.0,0.0,0.0,0.0,0.0,0.0,0.666667,0.918296,0,0,0,0
1765813985870.0,0,60690.0,60689.0,0.0,0.999984,1,15.889171,29131504.0,0.0,0.0,0.0,0.0,0.0,1.6e-05,0.000286,1,1,1,1
1765813985870.0,1,3.0,0.0,0.0,0.0,1,1.584963,1824.0,0.0,0.0,0.0,0.0,0.0,0.666667,0.918296,0,0,0,0
1765813986874.0,0,60622.0,60621.0,0.0,0.999984,1,15.887554,29098864.0,0.0,0.0,0.0,0.0,0.0,1.6e-05,0.000286,1,1,1,1
1765813986874.0,1,3.0,0.0,0.0,0.0,1,1.584963,1824.0,0.0,0.0,0.0,0.0,0.0,0.666667,0.918296,0,0,0,0
1765813987878.0,0,60556.0,60555.0,0.0,0.999983,1,15.885982,29067184.0,0.0,0.0,0.0,0.0,0.0,1.7e-05,0.000286,1,1,1,1
1765813987878.0,1,3.0,0.0,0.0,0.0,1,1.584963,1824.0,0.0,0.0,0.0,0.0,0.0,0.666667,0.918296,0,0,0,0
1765813988882.0,0,60502.0,60501.0,0.0,0.999983,1,15.884695,29041264.0,0.0,0.0,0.0,0.0,0.0,1.7e-05,0.000286,1,1,1,1
1765813988882.0,1,3.0,0.0,0.0,0.0,1,1.584963,1824.0,0.0,0.0,0.0,0.0,0.0,0.666667,0.918296,0,0,0,0
1765813989886.0,0,60581.0,60580.0,0.0,0.999983,1,15.886578,29079184.0,0.0,0.0,0.0,0.0,0.0,1.7e-05,0.000286,1,1,1,1
1765813989886.0,1,3.0,0.0,0.0,0.0,1,1.584963,1824.0,0.0,0.0,0.0,0.0,0.0,0.666667,0.918296,0,0,0,0
1765813990890.0,0,60531.0,60530.0,0.0,0.999983,1,15.885387,29055184.0,0.0,0.0,0.0,0.0,0.0,1.7e-05,0.000286,1,1,1,1
1765813990890.0,1,3.0,0.0,0.0,0.0,1,1.584963,1824.0,0.0,0.0,0.0,0.0,0.0,0.666667,0.918296,0,0,0,0
1765813991894.0,0,60514.0,60513.0,0.0,0.999983,1,15.884981,29047024.0,0.0,0.0,0.0,0.0,0.0,1.7e-05,0.000286,1,1,1,1
1765813991894.0,1,3.0,0.0,0.0,0.0,1,1.584963,1824.0,0.0,0.0,0.0,0.0,0.0,0.666667,0.918296,0,0,0,0
1765813992899.0,0,60598.0,60597.0,0.0,0.999983,1,15.886983,29087344.0,0.0,0.0,0.0,0.0,0.0,1.7e-05,0.000286,1,1,1,1
1765813992899.0,1,2.0,0.0,0.0,0.0,1,1.0,1344.0,0.0,0.0,0.0,0.0,0.0,1.0,0.0,0,0,0,0
1765813993903.0,0,60609.0,60608.0,0.0,0.999984,1,15.887244,29092624.0,0.0,0.0,0.0,0.0,0.0,1.6e-05,0.000286,1,1,1,1
1765813993903.0,1,3.0,0.0,0.0,0.0,1,1.584963,1824.0,0.0,0.0,0.0,0.0,0.0,0.666667,0.918296,0,0,0,0
1765813994907.0,0,60616.0,60615.0,0.0,0.999984,1,15.887411,29095984.0,0.0,0.0,0.0,0.0,0.0,1.6e-05,0.000286,1,1,1,1
1765813994907.0,1,3.0,0.0,0.0,0.0,1,1.584963,1824.0,0.0,0.0,0.0,0.0,0.0,0.666667,0.918296,0,0,0,0
1765813995911.0,0,60580.0,60579.0,0.0,0.999983,1,15.886554,29078704.0,0.0,0.0,0.0,0.0,0.0,1.7e-05,0.000286,1,1,1,1
1765813995911.0,1,3.0,0.0,0.0,0.0,1,1.584963,1824.0,0.0,0.0,0.0,0.0,0.0,0.666667,0.918296,0,0,0,0
1765813996915.0,0,60500.0,60499.0,0.0,0.999983,1,15.884648,29040304.0,0.0,0.0,0.0,0.0,0.0,1.7e-05,0.000286,1,1,1,1
1765813996915.0,1,3.0,0.0,0.0,0.0,1,1.584963,1824.0,0.0,0.0,0.0,0.0,0.0,0.666667,0.918296,0,0,0,0
1765813997919.0,0,60574.0,60573.0,0.0,0.999983,1,15.886411,29075824.0,0.0,0.0,0.0,0.0,0.0,1.7e-05,0.000286,1,1,1,1
1765813997919.0,1,3.0,0.0,0.0,0.0,1,1.584963,1824.0,0.0,0.0,0.0,0.0,0.0,0.666667,0.918296,0,0,0,0
1765813998923.0,0,60532.0,60530.0,0.0,0.999967,1,15.88541,29055664.0,0.0,0.0,0.0,0.0,0.0,1.7e-05,0.000286,1,1,1,1
1765813998923.0,1,4.0,0.0,0.0,0.0,1,2.0,2304.0,0.0,0.0,0.0,0.0,0.0,0.5,1.0,0,0,0,0
1765813999927.0,0,60506.0,60505.0,0.0,0.999983,1,15.884791,29043184.0,0.0,0.0,0.0,0.0,0.0,1.7e-05,0.000286,1,1,1,1
1765813999927.0,1,3.0,0.0,0.0,0.0,1,1.584963,1824.0,0.0,0.0,0.0,0.0,0.0,0.666667,0.918296,0,0,0,0
1765814000931.0,0,60388.0,60387.0,0.0,0.999983,1,15.881974,28986544.0,0.0,0.0,0.0,0.0,0.0,1.7e-05,0.000287,1,1,1,1
1765814000931.0,1,3.0,0.0,0.0,0.0,1,1.584963,1824.0,0.0,0.0,0.0,0.0,0.0,0.666667,0.918296,0,0,0,0
1765814001935.0,0,60454.0,60453.0,0.0,0.999983,1,15.88355,29018224.0,0.0,0.0,0.0,0.0,0.0,1.7e-05,0.000287,1,1,1,1
1765814001935.0,1,3.0,0.0,0.0,0.0,1,1.584963,1824.0,0.0,0.0,0.0,0.0,0.0,0.666667,0.918296,0,0,0,0
1765814002939.0,0,60268.0,60267.0,0.0,0.999983,1,15.879105,28928944.0,0.0,0.0,0.0,0.0,0.0,1.7e-05,0.000287,1,1,1,1
1765814002939.0,1,3.0,0.0,0.0,0.0,1,1.584963,1824.0,0.0,0.0,0.0,0.0,0.0,0.666667,0.918296,0,0,0,0
1765814003943.0,0,60428.0,60427.0,0.0,0.999983,1,15.88293,29005744.0,0.0,0.0,0.0,0.0,0.0,1.7e-05,0.000287,1,1,1,1
1765814003943.0,1,3.0,0.0,0.0,0.0,1,1.584963,1824.0,0.0,0.0,0.0,0.0,0.0,0.666667,0.918296,0,0,0,0
1765814004947.0,0,60455.0,60453.0,0.0,0.999967,1,15.883574,29018704.0,0.0,0.0,0.0,0.0,0.0,1.7e-05,0.000287,1,1,1,1
1765814004947.0,1,4.0,0.0,0.0,0.0,1,2.0,2304.0,0.0,0.0,0.0,0.0,0.0,0.5,1.0,0,0,0,0
1765814005951.0,0,60526.0,60525.0,0.0,0.999983,1,15.885267,29052784.0,0.0,0.0,0.0,0.0,0.0,1.7e-05,0.000286,1,1,1,1
1765814005951.0,1,3.0,0.0,0.0,0.0,1,1.584963,1824.0,0.0,0.0,0.0,0.0,0.0,0.666667,0.918296,0,0,0,0
1765814006956.0,0,60496.0,60495.0,0.0,0.999983,1,15.884552,29038384.0,0.0,0.0,0.0,0.0,0.0,1.7e-05,0.000286,1,1,1,1
1765814006956.0,1,3.0,0.0,0.0,0.0,1,1.584963,1824.0,0.0,0.0,0.0,0.0,0.0,0.666667,0.918296,0,0,0,0
1765814007960.0,0,60620.0,60619.0,0.0,0.999984,1,15.887506,29097904.0,0.0,0.0,0.0,0.0,0.0,1.6e-05,0.000286,1,1,1,1
1765814007960.0,1,3.0,0.0,0.0,0.0,1,1.584963,1824.0,0.0,0.0,0.0,0.0,0.0,0.666667,0.918296,0,0,0,0
1765814008964.0,0,60564.0,60563.0,0.0,0.999983,1,15.886173,29071024.0,0.0,0.0,0.0,0.0,0.0,1.7e-05,0.000286,1,1,1,1
1765814008964.0,1,3.0,0.0,0.0,0.0,1,1.584963,1824.0,0.0,0.0,0.0,0.0,0.0,0.666667,0.918296,0,0,0,0
1765814009968.0,0,60460.0,60459.0,0.0,0.999983,1,15.883693,29021104.0,0.0,0.0,0.0,0.0,0.0,1.7e-05,0.000287,1,1,1,1
1765814009968.0,1,3.0,0.0,0.0,0.0,1,1.584963,1824.0,0.0,0.0,0.0,0.0,0.0,0.666667,0.918296,0,0,0,0
1765814010972.0,0,59924.0,59923.0,0.0,0.999983,1,15.870846,28763824.0,0.0,0.0,0.0,0.0,0.0,1.7e-05,0.000289,1,1,1,1
1765814010972.0,1,3.0,0.0,0.0,0.0,1,1.584963,1824.0,0.0,0.0,0.0,0.0,0.0,0.666667,0.918296,0,0,0,0
1765814011976.0,0,56388.0,56387.0,0.0,0.999982,1,15.783101,27066544.0,0.0,0.0,0.0,0.0,0.0,1.8e-05,0.000305,1,1,1,1
1765814011976.0,1,3.0,0.0,0.0,0.0,1,1.584963,1824.0,0.0,0.0,0.0,0.0,0.0,0.666667,0.918296,0,0,0,0
1765814012980.0,0,60376.0,60375.0,0.0,0.999983,1,15.881688,28980784.0,0.0,0.0,0.0,0.0,0.0,1.7e-05,0.000287,1,1,1,1
1765814012980.0,1,3.0,0.0,0.0,0.0,1,1.584963,1824.0,0.0,0.0,0.0,0.0,0.0,0.666667,0.918296,0,0,0,0
1765814013984.0,0,60328.0,60327.0,0.0,0.999983,1,15.88054,28957744.0,0.0,0.0,0.0,0.0,0.0,1.7e-05,0.000287,1,1,1,1
1765814013984.0,1,3.0,0.0,0.0,0.0,1,1.584963,1824.0,0.0,0.0,0.0,0.0,0.0,0.666667,0.918296,0,0,0,0
1765814014988.0,0,60640.0,60639.0,0.0,0.999984,1,15.887982,29107504.0,0.0,0.0,0.0,0.0,0.0,1.6e-05,0.000286,1,1,1,1
1765814014988.0,1,3.0,0.0,0.0,0.0,1,1.584963,1824.0,0.0,0.0,0.0,0.0,0.0,0.666667,0.918296,0,0,0,0
1765814015992.0,0,60314.0,60313.0,0.0,0.999983,1,15.880205,28951024.0,0.0,0.0,0.0,0.0,0.0,1.7e-05,0.000287,1,1,1,1
1765814015992.0,1,3.0,0.0,0.0,0.0,1,1.584963,1824.0,0.0,0.0,0.0,0.0,0.0,0.666667,0.918296,0,0,0,0
1765814016996.0,0,60496.0,60495.0,0.0,0.999983,1,15.884552,29038384.0,0.0,0.0,0.0,0.0,0.0,1.7e-05,0.000286,1,1,1,1
1765814016996.0,1,3.0,0.0,0.0,0.0,1,1.584963,1824.0,0.0,0.0,0.0,0.0,0.0,0.666667,0.918296,0,0,0,0
1765814018000.0,0,60604.0,60603.0,0.0,0.999983,1,15.887125,29090224.0,0.0,0.0,0.0,0.0,0.0,1.7e-05,0.000286,1,1,1,1
1765814018000.0,1,3.0,0.0,0.0,0.0,1,1.584963,1824.0,0.0,0.0,0.0,0.0,0.0,0.666667,0.918296,0,0,0,0
1765814019004.0,0,60614.0,60614.0,0.0,1.0,1,15.887363,29094720.0,0.0,0.0,0.0,0.0,0.0,0.0,0.0,1,1,1,1
1765814019004.0,1,2.0,0.0,0.0,0.0,1,1.0,1040.0,0.0,0.0,0.0,0.0,0.0,0.5,1.0,0,0,0,0
1765814020008.0,0,60570.0,60569.0,0.0,0.999983,1,15.886316,29073904.0,0.0,0.0,0.0,0.0,0.0,1.7e-05,0.000286,1,1,1,1
1765814020008.0,1,3.0,0.0,0.0,0.0,1,1.584963,1824.0,0.0,0.0,0.0,0.0,0.0,0.666667,0.918296,0,0,0,0
1765814021013.0,0,60708.0,60707.0,0.0,0.999984,1,15.889599,29140144.0,0.0,0.0,0.0,0.0,0.0,1.6e-05,0.000286,1,1,1,1
1765814021013.0,1,3.0,0.0,0.0,0.0,1,1.584963,1824.0,0.0,0.0,0.0,0.0,0.0,0.666667,0.918296,0,0,0,0
1765814022017.0,0,60720.0,60719.0,0.0,0.999984,1,15.889884,29145904.0,0.0,0.0,0.0,0.0,0.0,1.6e-05,0.000285,1,1,1,1
1765814022017.0,1,3.0,0.0,0.0,0.0,1,1.584963,1824.0,0.0,0.0,0.0,0.0,0.0,0.666667,0.918296,0,0,0,0
1765814023021.0,0,60610.0,60609.0,0.0,0.999984,1,15.887268,29093104.0,0.0,0.0,0.0,0.0,0.0,1.6e-05,0.000286,1,1,1,1
1765814023021.0,1,3.0,0.0,0.0,0.0,1,1.584963,1824.0,0.0,0.0,0.0,0.0,0.0,0.666667,0.918296,0,0,0,0
1765814024025.0,0,60488.0,60487.0,0.0,0.999983,1,15.884361,29034544.0,0.0,0.0,0.0,0.0,0.0,1.7e-05,0.000286,1,1,1,1
1765814024025.0,1,3.0,0.0,0.0,0.0,1,1.584963,1824.0,0.0,0.0,0.0,0.0,0.0,0.666667,0.918296,0,0,0,0
1765814025029.0,0,60686.0,60684.0,0.0,0.999967,1,15.889076,29129584.0,0.0,0.0,0.0,0.0,0.0,1.6e-05,0.000286,1,1,1,1
1765814025029.0,1,4.0,0.0,0.0,0.0,1,2.0,2304.0,0.0,0.0,0.0,0.0,0.0,0.5,1.0,0,0,0,0
1765814026033.0,0,60634.0,60633.0,0.0,0.999984,1,15.887839,29104624.0,0.0,0.0,0.0,0.0,0.0,1.6e-05,0.000286,1,1,1,1
1765814026033.0,1,3.0,0.0,0.0,0.0,1,1.584963,1824.0,0.0,0.0,0.0,0.0,0.0,0.666667,0.918296,0,0,0,0
1765814027037.0,0,60692.0,60691.0,0.0,0.999984,1,15.889219,29132464.0,0.0,0.0,0.0,0.0,0.0,1.6e-05,0.000286,1,1,1,1
1765814027037.0,1,3.0,0.0,0.0,0.0,1,1.584963,1824.0,0.0,0.0,0.0,0.0,0.0,0.666667,0.918296,0,0,0,0
1765814028041.0,0,60668.0,60667.0,0.0,0.999984,1,15.888648,29120944.0,0.0,0.0,0.0,0.0,0.0,1.6e-05,0.000286,1,1,1,1
1765814028041.0,1,3.0,0.0,0.0,0.0,1,1.584963,1824.0,0.0,0.0,0.0,0.0,0.0,0.666667,0.918296,0,0,0,0
1765814029045.0,0,60724.0,60723.0,0.0,0.999984,1,15.889979,29147824.0,0.0,0.0,0.0,0.0,0.0,1.6e-05,0.000285,1,1,1,1
1765814029045.0,1,3.0,0.0,0.0,0.0,1,1.584963,1824.0,0.0,0.0,0.0,0.0,0.0,0.666667,0.918296,0,0,0,0
1765814030049.0,0,60688.0,60687.0,0.0,0.999984,1,15.889124,29130544.0,0.0,0.0,0.0,0.0,0.0,1.6e-05,0.000286,1,1,1,1
1765814030049.0,1,3.0,0.0,0.0,0.0,1,1.584963,1824.0,0.0,0.0,0.0,0.0,0.0,0.666667,0.918296,0,0,0,0
1765814031053.0,0,60656.0,60655.0,0.0,0.999984,1,15.888363,29115184.0,0.0,0.0,0.0,0.0,0.0,1.6e-05,0.000286,1,1,1,1
1765814031053.0,1,3.0,0.0,0.0,0.0,1,1.584963,1824.0,0.0,0.0,0.0,0.0,0.0,0.666667,0.918296,0,0,0,0
1765814032057.0,0,60628.0,60627.0,0.0,0.999984,1,15.887697,29101744.0,0.0,0.0,0.0,0.0,0.0,1.6e-05,0.000286,1,1,1,1
1765814032057.0,1,3.0,0.0,0.0,0.0,1,1.584963,1824.0,0.0,0.0,0.0,0.0,0.0,0.666667,0.918296,0,0,0,0
1765814033061.0,0,60528.0,60527.0,0.0,0.999983,1,15.885315,29053744.0,0.0,0.0,0.0,0.0,0.0,1.7e-05,0.000286,1,1,1,1
1765814033061.0,1,3.0,0.0,0.0,0.0,1,1.584963,1824.0,0.0,0.0,0.0,0.0,0.0,0.666667,0.918296,0,0,0,0
1765814034065.0,0,60544.0,60543.0,0.0,0.999983,1,15.885696,29061424.0,0.0,0.0,0.0,0.0,0.0,1.7e-05,0.000286,1,1,1,1
1765814034065.0,1,3.0,0.0,0.0,0.0,1,1.584963,1824.0,0.0,0.0,0.0,0.0,0.0,0.666667,0.918296,0,0,0,0
1765814035069.0,0,60516.0,60515.0,0.0,0.999983,1,15.885029,29047984.0,0.0,0.0,0.0,0.0,0.0,1.7e-05,0.000286,1,1,1,1
1765814035069.0,1,3.0,0.0,0.0,0.0,1,1.584963,1824.0,0.0,0.0,0.0,0.0,0.0,0.666667,0.918296,0,0,0,0
1765814036073.0,0,60560.0,60559.0,0.0,0.999983,1,15.886078,29069104.0,0.0,0.0,0.0,0.0,0.0,1.7e-05,0.000286,1,1,1,1
1765814036073.0,1,3.0,0.0,0.0,0.0,1,1.584963,1824.0,0.0,0.0,0.0,0.0,0.0,0.666667,0.918296,0,0,0,0
1765814037078.0,0,60570.0,60569.0,0.0,0.999983,1,15.886316,29073904.0,0.0,0.0,0.0,0.0,0.0,1.7e-05,0.000286,1,1,1,1
1765814037078.0,1,3.0,0.0,0.0,0.0,1,1.584963,1824.0,0.0,0.0,0.0,0.0,0.0,0.666667,0.918296,0,0,0,0
1765814038082.0,0,60571.0,60570.0,0.0,0.999983,1,15.88634,29074384.0,0.0,0.0,0.0,0.0,0.0,1.7e-05,0.000286,1,1,1,1
1765814038082.0,1,3.0,0.0,0.0,0.0,1,1.584963,1824.0,0.0,0.0,0.0,0.0,0.0,0.666667,0.918296,0,0,0,0
1765814039086.0,0,60470.0,60469.0,0.0,0.999983,1,15.883932,29025904.0,0.0,0.0,0.0,0.0,0.0,1.7e-05,0.000287,1,1,1,1
1765814039086.0,1,3.0,0.0,0.0,0.0,1,1.584963,1824.0,0.0,0.0,0.0,0.0,0.0,0.666667,0.918296,0,0,0,0
1765814040090.0,0,60394.0,60393.0,0.0,0.999983,1,15.882118,28989424.0,0.0,0.0,0.0,0.0,0.0,1.7e-05,0.000287,1,1,1,1
1765814040090.0,1,6899.0,0.0,0.0,0.0,2,11.752172,3311904.0,11.751962,0.499783,0.0,0.499783,0.0,0.00029,0.003825,1,1,1,1
1765814041094.0,0,59787.0,59786.0,0.0,0.999983,1,15.867544,28698064.0,0.0,0.0,0.0,0.0,0.0,1.7e-05,0.00029,1,1,1,1
1765814041094.0,1,68104.0,0.0,0.0,0.0,2,15.055452,32690304.0,15.055325,0.499985,0.0,0.499971,0.0,2.9e-05,0.000569,1,1,1,1
1765814042098.0,0,56180.0,56179.0,0.0,0.999982,1,15.777769,26966704.0,0.0,0.0,0.0,0.0,0.0,1.8e-05,0.000307,1,1,1,1
1765814042098.0,1,63474.0,0.0,0.0,0.0,2,14.953878,30467904.0,14.953833,0.499968,0.0,0.499984,0.0,3.2e-05,0.000517,1,1,1,1
1765814043102.0,0,60146.0,60145.0,0.0,0.999983,1,15.876181,28870384.0,0.0,0.0,0.0,0.0,0.0,1.7e-05,0.000288,1,1,1,1
1765814043102.0,1,68275.0,0.0,0.0,0.0,2,15.05907,32772384.0,15.058964,0.499993,0.0,0.499963,0.0,2.9e-05,0.000547,1,1,1,1
1765814044106.0,0,60216.0,60215.0,0.0,0.999983,1,15.877859,28903984.0,0.0,0.0,0.0,0.0,0.0,1.7e-05,0.000288,1,1,1,1
1765814044106.0,1,68266.0,0.0,0.0,0.0,2,15.05888,32768064.0,15.058753,0.499971,0.0,0.499985,0.0,2.9e-05,0.000526,1,1,1,1
1765814045110.0,0,60410.0,60409.0,0.0,0.999983,1,15.8825,28997104.0,0.0,0.0,0.0,0.0,0.0,1.7e-05,0.000287,1,1,1,1
1765814045110.0,1,68938.0,0.0,0.0,0.0,2,15.073012,33090624.0,15.07297,0.499971,0.0,0.499971,0.0,2.9e-05,0.000479,1,1,1,1
1765814046114.0,0,60466.0,60465.0,0.0,0.999983,1,15.883837,29023984.0,0.0,0.0,0.0,0.0,0.0,1.7e-05,0.000287,1,1,1,1
1765814046114.0,1,66454.0,0.0,0.0,0.0,2,15.020068,31898304.0,15.019851,0.499955,0.0,0.499955,0.0,3e-05,0.000582,1,1,1,1
1765814047118.0,0,60536.0,60535.0,0.0,0.999983,1,15.885506,29057584.0,0.0,0.0,0.0,0.0,0.0,1.7e-05,0.000286,1,1,1,1
1765814047118.0,1,66448.0,0.0,0.0,0.0,2,15.019938,31895424.0,15.019895,0.499985,0.0,0.49997,0.0,3e-05,0.000539,1,1,1,1
1765814048122.0,0,59860.0,59859.0,0.0,0.999983,1,15.869305,28733104.0,0.0,0.0,0.0,0.0,0.0,1.7e-05,0.000289,1,1,1,1
1765814048122.0,1,66048.0,0.0,0.0,0.0,2,15.011227,31703424.0,15.01114,0.499985,0.0,0.49997,0.0,3e-05,0.000542,1,1,1,1
1765814049126.0,0,60262.0,60261.0,0.0,0.999983,1,15.878961,28926064.0,0.0,0.0,0.0,0.0,0.0,1.7e-05,0.000287,1,1,1,1
1765814049126.0,1,65903.0,0.0,0.0,0.0,2,15.008057,31633824.0,15.007947,0.499977,0.0,0.499977,0.0,3e-05,0.000587,1,1,1,1
1765814050130.0,0,60358.0,60356.0,0.0,0.999967,1,15.881257,28972144.0,0.0,0.0,0.0,0.0,0.0,1.7e-05,0.000287,1,1,1,1
1765814050130.0,1,65930.0,0.0,0.0,0.0,2,15.008647,31646784.0,15.00856,0.499954,0.0,0.49997,0.0,3e-05,0.000499,1,1,1,1
1765814051134.0,0,60368.0,60367.0,0.0,0.999983,1,15.881496,28976944.0,0.0,0.0,0.0,0.0,0.0,1.7e-05,0.000287,1,1,1,1
1765814051134.0,1,66150.0,0.0,0.0,0.0,2,15.013454,31752384.0,15.013105,0.500091,0.0,0.499864,0.0,3e-05,0.000541,1,1,1,1
1765814052138.0,0,60194.0,60192.0,0.0,0.999967,1,15.877332,28893424.0,0.0,0.0,0.0,0.0,0.0,1.7e-05,0.000288,1,1,1,1
1765814052138.0,1,68463.0,0.0,0.0,0.0,2,15.063037,32862624.0,15.063227,0.499876,0.0,0.500066,0.0,2.9e-05,0.000482,1,1,1,1
1765814053143.0,0,59746.0,59745.0,0.0,0.999983,1,15.866555,28678384.0,0.0,0.0,0.0,0.0,0.0,1.7e-05,0.00029,1,1,1,1
1765814053143.0,1,68440.0,0.0,0.0,0.0,2,15.062552,32851584.0,15.062426,0.499985,0.0,0.499971,0.0,2.9e-05,0.000524,1,1,1,1
1765814054147.0,0,60304.0,60303.0,0.0,0.999983,1,15.879966,28946224.0,0.0,0.0,0.0,0.0,0.0,1.7e-05,0.000287,1,1,1,1
1765814054147.0,1,66016.0,0.0,0.0,0.0,2,15.010528,31688064.0,15.010441,0.499955,0.0,0.5,0.0,3e-05,0.000542,1,1,1,1
1765814055151.0,0,60502.0,60501.0,0.0,0.999983,1,15.884695,29041264.0,0.0,0.0,0.0,0.0,0.0,1.7e-05,0.000286,1,1,1,1
1765814055151.0,1,66632.0,0.0,0.0,0.0,2,15.023928,31983744.0,15.023928,0.499955,0.0,0.499985,0.0,3e-05,0.000494,1,1,1,1
1765814056155.0,0,60222.0,60221.0,0.0,0.999983,1,15.878003,28906864.0,0.0,0.0,0.0,0.0,0.0,1.7e-05,0.000288,1,1,1,1
1765814056155.0,1,65387.0,0.0,0.0,0.0,2,14.996716,31386144.0,16.0,0.499977,0.0,0.499977,0.0,3.1e-05,0.000547,1,1,1,1
1765814057159.0,0,60268.0,60267.0,0.0,0.999983,1,15.879105,28928944.0,0.0,0.0,0.0,0.0,0.0,1.7e-05,0.000287,1,1,1,1
1765814057159.0,1,67035.0,0.0,0.0,0.0,2,15.032627,32177184.0,15.032605,0.499978,0.0,0.499978,0.0,3e-05,0.000492,1,1,1,1
1765814058163.0,0,60818.0,60817.0,0.0,0.999984,1,15.892211,29192944.0,0.0,0.0,0.0,0.0,0.0,1.6e-05,0.000285,1,1,1,1
1765814058163.0,1,68511.0,0.0,0.0,0.0,2,15.064048,32885664.0,16.0,0.499978,0.0,0.499978,0.0,2.9e-05,0.000566,1,1,1,1
1765814059167.0,0,60432.0,60431.0,0.0,0.999983,1,15.883025,29007664.0,0.0,0.0,0.0,0.0,0.0,1.7e-05,0.000287,1,1,1,1
1765814059167.0,1,68672.0,0.0,0.0,0.0,2,15.067434,32962944.0,15.067224,0.500044,0.0,0.499913,0.0,2.9e-05,0.000481,1,1,1,1
1765814060171.0,0,60082.0,60081.0,0.0,0.999983,1,15.874645,28839664.0,0.0,0.0,0.0,0.0,0.0,1.7e-05,0.000288,1,1,1,1
1765814060171.0,1,68952.0,0.0,0.0,0.0,2,15.073305,33097344.0,15.073388,0.499927,0.0,0.500029,0.0,2.9e-05,0.000479,1,1,1,1
1765814061175.0,0,60062.0,60061.0,0.0,0.999983,1,15.874165,28830064.0,0.0,0.0,0.0,0.0,0.0,1.7e-05,0.000288,1,1,1,1
1765814061175.0,1,68378.0,0.0,0.0,0.0,2,15.061245,32821824.0,15.06116,0.499971,0.0,0.499985,0.0,2.9e-05,0.000525,1,1,1,1
1765814062179.0,0,60358.0,60357.0,0.0,0.999983,1,15.881257,28972144.0,0.0,0.0,0.0,0.0,0.0,1.7e-05,0.000287,1,1,1,1
1765814062179.0,1,68309.0,0.0,0.0,0.0,2,15.059788,32788704.0,15.059682,0.499993,0.0,0.499978,0.0,2.9e-05,0.000525,1,1,1,1
1765814063183.0,0,60126.0,60125.0,0.0,0.999983,1,15.875701,28860784.0,0.0,0.0,0.0,0.0,0.0,1.7e-05,0.000288,1,1,1,1
1765814063183.0,1,68622.0,0.0,0.0,0.0,2,15.066384,32938944.0,15.066384,0.499971,0.0,0.499985,0.0,2.9e-05,0.000481,1,1,1,1
1765814064187.0,0,60572.0,60571.0,0.0,0.999983,1,15.886363,29074864.0,0.0,0.0,0.0,0.0,0.0,1.7e-05,0.000286,1,1,1,1
1765814064187.0,1,68351.0,0.0,0.0,0.0,2,15.060675,32808864.0,15.060612,0.499978,0.0,0.499978,0.0,2.9e-05,0.000525,1,1,1,1
1765814065192.0,0,60834.0,60833.0,0.0,0.999984,1,15.89259,29200624.0,0.0,0.0,0.0,0.0,0.0,1.6e-05,0.000285,1,1,1,1
1765814065192.0,1,67070.0,0.0,0.0,0.0,2,15.03338,32193984.0,15.033337,0.49997,0.0,0.49997,0.0,3e-05,0.000534,1,1,1,1
1765814066196.0,0,60016.0,60015.0,0.0,0.999983,1,15.87306,28807984.0,0.0,0.0,0.0,0.0,0.0,1.7e-05,0.000289,1,1,1,1
1765814066196.0,1,68445.0,0.0,0.0,0.0,2,15.062658,32853984.0,15.062341,0.500037,0.0,0.49989,0.0,2.9e-05,0.000524,1,1,1,1
1765814067200.0,0,60346.0,60345.0,0.0,0.999983,1,15.880971,28966384.0,0.0,0.0,0.0,0.0,0.0,1.7e-05,0.000287,1,1,1,1
1765814067200.0,1,68190.0,0.0,0.0,0.0,2,15.057273,32731584.0,15.057442,0.499912,0.0,0.500044,0.0,2.9e-05,0.000526,1,1,1,1
1765814068204.0,0,60530.0,60529.0,0.0,0.999983,1,15.885363,29054704.0,0.0,0.0,0.0,0.0,0.0,1.7e-05,0.000286,1,1,1,1
1765814068204.0,1,68475.0,0.0,0.0,0.0,2,15.06329,32868384.0,15.063227,0.499978,0.0,0.499978,0.0,2.9e-05,0.000524,1,1,1,1
1765814069208.0,0,60067.0,60066.0,0.0,0.999983,1,15.874285,28832464.0,0.0,0.0,0.0,0.0,0.0,1.7e-05,0.000288,1,1,1,1
1765814069208.0,1,68603.0,0.0,0.0,0.0,2,15.065984,32929824.0,15.065921,0.499978,0.0,0.499978,0.0,2.9e-05,0.000481,1,1,1,1
1765814070212.0,0,60864.0,60863.0,0.0,0.999984,1,15.893302,29215024.0,0.0,0.0,0.0,0.0,0.0,1.6e-05,0.000285,1,1,1,1
1765814070212.0,1,66502.0,0.0,0.0,0.0,2,15.02111,31921344.0,15.021023,0.5,0.0,0.49997,0.0,3e-05,0.000539,1,1,1,1
1765814071216.0,0,60722.0,60721.0,0.0,0.999984,1,15.889932,29146864.0,0.0,0.0,0.0,0.0,0.0,1.6e-05,0.000285,1,1,1,1
1765814071216.0,1,67334.0,0.0,0.0,0.0,2,15.039048,32320704.0,15.039005,0.49997,0.0,0.499985,0.0,3e-05,0.000511,1,1,1,1
1765814072220.0,0,60518.0,60517.0,0.0,0.999983,1,15.885077,29048944.0,0.0,0.0,0.0,0.0,0.0,1.7e-05,0.000286,1,1,1,1
1765814072220.0,1,66840.0,0.0,0.0,0.0,2,15.028424,32083584.0,15.028338,0.49997,0.0,0.499955,0.0,3e-05,0.000493,1,1,1,1
1765814073224.0,0,60390.0,60389.0,0.0,0.999983,1,15.882022,28987504.0,0.0,0.0,0.0,0.0,0.0,1.7e-05,0.000287,1,1,1,1
1765814073224.0,1,68799.0,0.0,0.0,0.0,2,15.0701,33023904.0,15.069995,0.499993,0.0,0.499978,0.0,2.9e-05,0.000522,1,1,1,1
1765814074228.0,0,60636.0,60635.0,0.0,0.999984,1,15.887887,29105280.0,0.0,0.0,0.0,0.0,0.0,0.0,0.0,1,1,1,1
1765814074228.0,1,69065.0,0.0,0.0,0.0,2,15.075667,33151280.0,15.075646,0.499978,0.0,0.499978,0.0,1.4e-05,0.000254,1,1,1,1
1765814075232.0,0,60222.0,60221.0,0.0,0.999983,1,15.878003,28906864.0,0.0,0.0,0.0,0.0,0.0,1.7e-05,0.000288,1,1,1,1
1765814075232.0,1,68804.0,0.0,0.0,0.0,2,15.070205,33026304.0,15.070121,0.499985,0.0,0.499971,0.0,2.9e-05,0.00048,1,1,1,1
1765814076236.0,0,60584.0,60583.0,0.0,0.999983,1,15.886649,29080624.0,0.0,0.0,0.0,0.0,0.0,1.7e-05,0.000286,1,1,1,1
1765814076236.0,1,68886.0,0.0,0.0,0.0,2,15.071923,33065664.0,15.071923,0.499971,0.0,0.499985,0.0,2.9e-05,0.000479,1,1,1,1
1765814077240.0,0,59640.0,59639.0,0.0,0.999983,1,15.863993,28627504.0,0.0,0.0,0.0,0.0,0.0,1.7e-05,0.00029,1,1,1,1
1765814077240.0,1,66917.0,0.0,0.0,0.0,2,15.030085,32120544.0,15.029977,0.499993,0.0,0.499978,0.0,3e-05,0.000535,1,1,1,1
1765814078244.0,0,58572.0,58571.0,0.0,0.999983,1,15.837924,28114864.0,0.0,0.0,0.0,0.0,0.0,1.7e-05,0.000295,1,1,1,1
1765814078244.0,1,64999.0,0.0,0.0,0.0,2,14.98813,31199904.0,14.988108,0.499977,0.0,0.499977,0.0,3.1e-05,0.00055,1,1,1,1
1765814079248.0,0,56242.0,56241.0,0.0,0.999982,1,15.77936,26996464.0,0.0,0.0,0.0,0.0,0.0,1.8e-05,0.000306,1,1,1,1
1765814079248.0,1,63230.0,0.0,0.0,0.0,2,14.948322,30350784.0,14.948276,0.499968,0.0,0.499984,0.0,3.2e-05,0.000518,1,1,1,1
1765814080252.0,0,58836.0,58835.0,0.0,0.999983,1,15.844412,28241584.0,0.0,0.0,0.0,0.0,0.0,1.7e-05,0.000294,1,1,1,1
1765814080252.0,1,65038.0,0.0,0.0,0.0,2,14.988995,31218624.0,15.968757,0.499969,0.0,0.499985,0.0,3.1e-05,0.00055,1,1,1,1
1765814081256.0,0,58774.0,58773.0,0.0,0.999983,1,15.84289,28211824.0,0.0,0.0,0.0,0.0,0.0,1.7e-05,0.000294,1,1,1,1
1765814081256.0,1,66703.0,0.0,0.0,0.0,2,15.025464,32017824.0,15.025313,0.499993,0.0,0.499978,0.0,3e-05,0.000515,1,1,1,1
1765814082260.0,0,59268.0,59267.0,0.0,0.999983,1,15.854966,28448944.0,0.0,0.0,0.0,0.0,0.0,1.7e-05,0.000292,1,1,1,1
1765814082260.0,1,67316.0,0.0,0.0,0.0,2,15.038662,32312064.0,15.038533,0.499985,0.0,0.49997,0.0,3e-05,0.000575,1,1,1,1
1765814083265.0,0,58180.0,58179.0,0.0,0.999983,1,15.828236,27926704.0,0.0,0.0,0.0,0.0,0.0,1.7e-05,0.000297,1,1,1,1
1765814083265.0,1,66762.0,0.0,0.0,0.0,2,15.02674,32046144.0,15.026696,0.49997,0.0,0.499985,0.0,3e-05,0.000493,1,1,1,1
1765814084269.0,0,59637.0,59636.0,0.0,0.999983,1,15.86392,28626064.0,0.0,0.0,0.0,0.0,0.0,1.7e-05,0.00029,1,1,1,1
1765814084269.0,1,66312.0,0.0,0.0,0.0,2,15.016982,31830144.0,15.017026,0.499955,0.0,0.5,0.0,3e-05,0.000496,1,1,1,1
1765814085273.0,0,56484.0,56483.0,0.0,0.999982,1,15.785555,27112624.0,0.0,0.0,0.0,0.0,0.0,1.8e-05,0.000305,1,1,1,1
1765814085273.0,1,65822.0,0.0,0.0,0.0,2,15.006282,31594944.0,15.005712,0.500152,0.0,0.499802,0.0,3e-05,0.000544,1,1,1,1
1765814086277.0,0,58488.0,58487.0,0.0,0.999983,1,15.835853,28074544.0,0.0,0.0,0.0,0.0,0.0,1.7e-05,0.000295,1,1,1,1
1765814086277.0,1,66590.0,0.0,0.0,0.0,2,15.023018,31963584.0,15.023451,0.49982,0.0,0.500135,0.0,3e-05,0.000495,1,1,1,1
1765814087281.0,0,58114.0,58113.0,0.0,0.999983,1,15.826598,27895024.0,0.0,0.0,0.0,0.0,0.0,1.7e-05,0.000297,1,1,1,1
1765814087281.0,1,65460.0,0.0,0.0,0.0,2,14.998326,31421184.0,14.998106,0.499969,0.0,0.499954,0.0,3.1e-05,0.00059,1,1,1,1
1765814088285.0,0,59197.0,59196.0,0.0,0.999983,1,15.853236,28414864.0,0.0,0.0,0.0,0.0,0.0,1.7e-05,0.000292,1,1,1,1
1765814088285.0,1,64954.0,0.0,0.0,0.0,2,14.987131,31178304.0,14.987131,0.499969,0.0,0.499985,0.0,3.1e-05,0.00055,1,1,1,1
1765814089289.0,0,59950.0,59949.0,0.0,0.999983,1,15.871472,28776304.0,0.0,0.0,0.0,0.0,0.0,1.7e-05,0.000289,1,1,1,1
1765814089289.0,1,66825.0,0.0,0.0,0.0,2,15.0281,32076384.0,15.027992,0.499993,0.0,0.499978,0.0,3e-05,0.000536,1,1,1,1
1765814090293.0,0,60168.0,60167.0,0.0,0.999983,1,15.876709,28880944.0,0.0,0.0,0.0,0.0,0.0,1.7e-05,0.000288,1,1,1,1
1765814090293.0,1,67431.0,0.0,0.0,0.0,2,15.041124,32367264.0,15.040846,0.500037,0.0,0.499918,0.0,3e-05,0.000532,1,1,1,1
1765814091297.0,0,59820.0,59819.0,0.0,0.999983,1,15.86834,28713904.0,0.0,0.0,0.0,0.0,0.0,1.7e-05,0.000289,1,1,1,1
1765814091297.0,1,68059.0,0.0,0.0,0.0,2,15.054498,32668704.0,15.054604,0.499919,0.0,0.500037,0.0,2.9e-05,0.000485,1,1,1,1
1765814092301.0,0,59310.0,59309.0,0.0,0.999983,1,15.855988,28469104.0,0.0,0.0,0.0,0.0,0.0,1.7e-05,0.000292,1,1,1,1
1765814092301.0,1,66796.0,0.0,0.0,0.0,2,15.027474,32062464.0,15.027344,0.499985,0.0,0.49997,0.0,3e-05,0.00058,1,1,1,1
1765814093305.0,0,60093.0,60092.0,0.0,0.999983,1,15.874909,28844944.0,0.0,0.0,0.0,0.0,0.0,1.7e-05,0.000288,1,1,1,1
1765814093305.0,1,68310.0,0.0,0.0,0.0,2,15.059809,32789184.0,16.0,0.499971,0.0,0.499985,0.0,2.9e-05,0.000504,1,1,1,1
1765814094309.0,0,60100.0,60099.0,0.0,0.999983,1,15.875077,28848304.0,0.0,0.0,0.0,0.0,0.0,1.7e-05,0.000288,1,1,1,1
1765814094309.0,1,68375.0,0.0,0.0,0.0,2,15.061181,32820384.0,15.06116,0.499978,0.0,0.499978,0.0,2.9e-05,0.000483,1,1,1,1
1765814095313.0,0,59672.0,59669.0,0.0,0.99995,1,15.864767,28642864.0,0.0,0.0,0.0,0.0,0.0,1.7e-05,0.00029,1,1,1,1
1765814095313.0,1,67418.0,0.0,0.0,0.0,2,15.040846,32361024.0,15.040461,0.500059,0.0,0.499867,0.0,3e-05,0.000489,1,1,1,1
1765814096317.0,0,57694.0,57693.0,0.0,0.999983,1,15.816134,27693424.0,0.0,0.0,0.0,0.0,0.0,1.7e-05,0.000299,1,1,1,1
1765814096317.0,1,65114.0,0.0,0.0,0.0,2,14.99068,31255104.0,14.990857,0.499923,0.0,0.500046,0.0,3.1e-05,0.000549,1,1,1,1
1765814097322.0,0,58596.0,58595.0,0.0,0.999983,1,15.838515,28126384.0,0.0,0.0,0.0,0.0,0.0,1.7e-05,0.000295,1,1,1,1
1765814097322.0,1,65385.0,0.0,0.0,0.0,2,14.996672,31385184.0,15.993779,0.499946,0.0,0.500023,0.0,3.1e-05,0.000591,1,1,1,1
1765814098326.0,0,57660.0,57659.0,0.0,0.999983,1,15.815283,27677104.0,0.0,0.0,0.0,0.0,0.0,1.7e-05,0.000299,1,1,1,1
1765814098326.0,1,63988.0,0.0,0.0,0.0,2,14.965514,30715104.0,14.965424,0.499969,0.0,0.499953,0.0,3.1e-05,0.00049,1,1,1,1
1765814099330.0,0,59089.0,59088.0,0.0,0.999983,1,15.850602,28363024.0,0.0,0.0,0.0,0.0,0.0,1.7e-05,0.000293,1,1,1,1
1765814099330.0,1,66824.0,0.0,0.0,0.0,2,15.028079,32075904.0,15.027992,0.499985,0.0,0.499985,0.0,3e-05,0.000536,1,1,1,1
1765814100334.0,0,58790.0,58789.0,0.0,0.999983,1,15.843283,28219504.0,0.0,0.0,0.0,0.0,0.0,1.7e-05,0.000294,1,1,1,1
1765814100334.0,1,67368.0,0.0,0.0,0.0,2,15.039776,32337024.0,16.0,0.499985,0.0,0.49997,0.0,3e-05,0.000511,1,1,1,1
1765814101338.0,0,59438.0,59437.0,0.0,0.999983,1,15.859098,28530544.0,0.0,0.0,0.0,0.0,0.0,1.7e-05,0.000291,1,1,1,1
1765814101338.0,1,68314.0,0.0,0.0,0.0,2,15.059894,32791104.0,15.059767,0.499971,0.0,0.499985,0.0,2.9e-05,0.000525,1,1,1,1
1765814102342.0,0,59208.0,59207.0,0.0,0.999983,1,15.853505,28420144.0,0.0,0.0,0.0,0.0,0.0,1.7e-05,0.000292,1,1,1,1
1765814102342.0,1,67488.0,0.0,0.0,0.0,2,15.042343,32394624.0,15.042215,0.499985,0.0,0.49997,0.0,3e-05,0.000574,1,1,1,1
1765814103346.0,0,59104.0,59103.0,0.0,0.999983,1,15.850968,28370224.0,0.0,0.0,0.0,0.0,0.0,1.7e-05,0.000293,1,1,1,1
1765814103346.0,1,67331.0,0.0,0.0,0.0,2,15.038983,32319264.0,15.038833,0.499978,0.0,0.499978,0.0,3e-05,0.000532,1,1,1,1
1765814104350.0,0,59103.0,59102.0,0.0,0.999983,1,15.850944,28369744.0,0.0,0.0,0.0,0.0,0.0,1.7e-05,0.000293,1,1,1,1
1765814104350.0,1,66691.0,0.0,0.0,0.0,2,15.025204,32012064.0,15.025183,0.499978,0.0,0.499978,0.0,3e-05,0.000537,1,1,1,1
1765814105354.0,0,59134.0,59133.0,0.0,0.999983,1,15.8517,28384624.0,0.0,0.0,0.0,0.0,0.0,1.7e-05,0.000292,1,1,1,1
1765814105354.0,1,67379.0,0.0,0.0,0.0,2,15.040011,32342304.0,15.039947,0.499978,0.0,0.499978,0.0,3e-05,0.000489,1,1,1,1
1765814106358.0,0,57002.0,57001.0,0.0,0.999982,1,15.798725,27361264.0,0.0,0.0,0.0,0.0,0.0,1.8e-05,0.000302,1,1,1,1
1765814106358.0,1,66598.0,0.0,0.0,0.0,2,15.023191,31967424.0,15.023105,0.49997,0.0,0.499985,0.0,3e-05,0.000581,1,1,1,1
1765814107362.0,0,59784.0,59783.0,0.0,0.999983,1,15.867472,28696624.0,0.0,0.0,0.0,0.0,0.0,1.7e-05,0.00029,1,1,1,1
1765814107362.0,1,67656.0,0.0,0.0,0.0,2,15.04593,32475264.0,16.0,0.499985,0.0,0.49997,0.0,3e-05,0.000509,1,1,1,1
1765814108366.0,0,59666.0,59665.0,0.0,0.999983,1,15.864621,28639984.0,0.0,0.0,0.0,0.0,0.0,1.7e-05,0.00029,1,1,1,1
1765814108366.0,1,65664.0,0.0,0.0,0.0,2,15.002815,31519104.0,15.002639,0.49997,0.0,0.499954,0.0,3e-05,0.000589,1,1,1,1
1765814109370.0,0,58272.0,58271.0,0.0,0.999983,1,15.830515,27970864.0,0.0,0.0,0.0,0.0,0.0,1.7e-05,0.000296,1,1,1,1
1765814109370.0,1,64145.0,0.0,0.0,0.0,2,14.969049,30789984.0,14.969027,0.499961,0.0,0.499992,0.0,3.1e-05,0.000512,1,1,1,1
1765814110375.0,0,58822.0,58821.0,0.0,0.999983,1,15.844068,28234864.0,0.0,0.0,0.0,0.0,0.0,1.7e-05,0.000294,1,1,1,1
1765814110375.0,1,64738.0,0.0,0.0,0.0,2,14.982325,31074624.0,14.982325,0.499969,0.0,0.499985,0.0,3.1e-05,0.000507,1,1,1,1
1765814111379.0,0,58812.0,58811.0,0.0,0.999983,1,15.843823,28230064.0,0.0,0.0,0.0,0.0,0.0,1.7e-05,0.000294,1,1,1,1
1765814111379.0,1,13461.0,0.0,0.0,0.0,2,12.716498,6461360.0,12.716819,0.499814,0.0,0.500037,0.0,7.4e-05,0.001126,1,1,1,1
1765814112383.0,0,58475.0,58474.0,0.0,0.999983,1,15.835532,28068304.0,0.0,0.0,0.0,0.0,0.0,1.7e-05,0.000295,1,1,1,1
1765814112383.0,1,7504.0,0.0,0.0,0.0,2,11.873444,3602000.0,11.872675,0.5,0.0,0.499733,0.0,0.000133,0.001908,1,1,1,1
1765814113387.0,0,58680.0,58679.0,0.0,0.999983,1,15.840581,28166704.0,0.0,0.0,0.0,0.0,0.0,1.7e-05,0.000295,1,1,1,1
1765814113387.0,1,7798.0,0.0,0.0,0.0,2,11.928888,3743120.0,11.928518,0.499744,0.0,0.5,0.0,0.000128,0.002583,1,1,1,1
1765814114391.0,0,57398.0,57397.0,0.0,0.999983,1,15.808713,27551344.0,0.0,0.0,0.0,0.0,0.0,1.7e-05,0.000301,1,1,1,1
1765814114391.0,1,7950.0,0.0,0.0,0.0,2,11.956739,3816080.0,11.956739,0.499874,0.0,0.499874,0.0,0.000126,0.001811,1,1,1,1
1765814115395.0,0,57544.0,57543.0,0.0,0.999983,1,15.812378,27621424.0,0.0,0.0,0.0,0.0,0.0,1.7e-05,0.0003,1,1,1,1
1765814115395.0,1,10740.0,0.0,0.0,0.0,2,12.390706,5155280.0,12.390706,0.499907,0.0,0.499907,0.0,9.3e-05,0.001381,1,1,1,1
1765814116399.0,0,59052.0,59051.0,0.0,0.999983,1,15.849698,28345264.0,0.0,0.0,0.0,0.0,0.0,1.7e-05,0.000293,1,1,1,1
1765814116399.0,1,8382.0,0.0,0.0,0.0,2,12.033079,4023440.0,12.033079,0.499881,0.0,0.499881,0.0,0.000119,0.001727,1,1,1,1
1765814117403.0,0,59652.0,59650.0,0.0,0.999966,1,15.864283,28633264.0,0.0,0.0,0.0,0.0,0.0,1.7e-05,0.00029,1,1,1,1
1765814117403.0,1,4345.0,0.0,0.0,0.0,2,11.08514,2085680.0,11.084808,0.499655,0.0,0.499655,0.0,0.00023,0.003113,1,1,1,1
1765814118407.0,0,58974.0,58972.0,0.0,0.999966,1,15.847791,28307824.0,0.0,0.0,0.0,0.0,0.0,1.7e-05,0.000293,1,1,1,1
1765814118407.0,1,3040.0,0.0,0.0,0.0,2,10.569856,1459200.0,10.569856,0.499671,0.0,0.499671,0.0,0.0,0.0,1,1,1,1
1765814119411.0,0,55840.0,55838.0,0.0,0.999964,1,15.769011,26803504.0,0.0,0.0,0.0,0.0,0.0,1.8e-05,0.000308,1,1,1,1
1765814119411.0,1,10027.0,0.0,0.0,0.0,2,12.291602,4813040.0,12.291459,0.49985,0.0,0.49985,0.0,0.0001,0.001469,1,1,1,1
1765814120415.0,0,59041.0,59040.0,0.0,0.999983,1,15.84943,28339984.0,0.0,0.0,0.0,0.0,0.0,1.7e-05,0.000293,1,1,1,1
1765814120415.0,1,1844.0,0.0,0.0,0.0,2,9.848623,885200.0,9.848623,0.499458,0.0,0.499458,0.0,0.000542,0.006665,1,1,1,1
1765814121419.0,0,58820.0,58818.0,0.0,0.999966,1,15.844019,28233904.0,0.0,0.0,0.0,0.0,0.0,1.7e-05,0.000294,1,1,1,1
1765814121419.0,1,1089.0,0.0,0.0,0.0,2,9.088788,522720.0,9.090112,0.499541,0.0,0.499541,0.0,0.0,0.0,1,1,1,1
1765814122423.0,0,58152.0,58150.0,0.0,0.999966,1,15.827541,27913264.0,0.0,0.0,0.0,0.0,0.0,1.7e-05,0.000297,1,1,1,1
1765814122423.0,1,2739.0,0.0,0.0,0.0,2,10.419434,1314720.0,10.41996,0.499817,0.0,0.499817,0.0,0.0,0.0,1,1,1,1
1765814123427.0,0,57642.0,57640.0,0.0,0.999965,1,15.814833,27668464.0,0.0,0.0,0.0,0.0,0.0,1.7e-05,0.000299,1,1,1,1
1765814123427.0,1,930.0,0.0,0.0,0.0,2,8.861087,446400.0,8.864186,0.5,0.0,0.5,0.0,0.0,0.0,1,1,1,1
1765814124431.0,0,58308.0,58305.0,0.0,0.999949,1,15.831406,27988144.0,0.0,0.0,0.0,0.0,0.0,1.7e-05,0.000296,1,1,1,1
1765814124431.0,1,2685.0,0.0,0.0,0.0,2,10.390706,1288800.0,10.391244,0.499814,0.0,0.499814,0.0,0.0,0.0,1,1,1,1
1765814125436.0,0,58694.0,58692.0,0.0,0.999966,1,15.840925,28173120.0,0.0,0.0,0.0,0.0,0.0,0.0,0.0,1,1,1,1
1765814125436.0,1,24311.0,0.0,0.0,0.0,2,13.569322,11669360.0,13.569025,0.499938,0.0,0.499856,0.0,4.1e-05,0.000659,1,1,1,1
1765814126440.0,0,58764.0,58763.0,0.0,0.999983,1,15.842645,28207024.0,0.0,0.0,0.0,0.0,0.0,1.7e-05,0.000294,1,1,1,1
1765814126440.0,1,64656.0,0.0,0.0,0.0,2,14.980497,31035264.0,14.980407,0.5,0.0,0.499969,0.0,3.1e-05,0.000508,1,1,1,1
1765814127444.0,0,60216.0,60215.0,0.0,0.999983,1,15.877859,28903984.0,0.0,0.0,0.0,0.0,0.0,1.7e-05,0.000288,1,1,1,1
1765814127444.0,1,33318.0,0.0,0.0,0.0,2,14.024014,15993024.0,14.024014,0.49991,0.0,0.50003,0.0,6e-05,0.001015,1,1,1,1
1765814128448.0,0,60436.0,60435.0,0.0,0.999983,1,15.883121,29009584.0,0.0,0.0,0.0,0.0,0.0,1.7e-05,0.000287,1,1,1,1
1765814128448.0,1,2.0,0.0,0.0,0.0,1,1.0,1344.0,0.0,0.0,0.0,0.0,0.0,1.0,0.0,0,0,0,0
1765814129452.0,0,58470.0,58469.0,0.0,0.999983,1,15.835409,28065904.0,0.0,0.0,0.0,0.0,0.0,1.7e-05,0.000296,1,1,1,1
1765814129452.0,1,4.0,0.0,0.0,0.0,1,2.0,2304.0,0.0,0.0,0.0,0.0,0.0,0.5,1.0,0,0,0,0
1765814130456.0,0,53974.0,53973.0,0.0,0.999981,1,15.719977,25907824.0,0.0,0.0,0.0,0.0,0.0,1.9e-05,0.000318,1,1,1,1
1765814130456.0,1,2.0,0.0,0.0,0.0,1,1.0,1344.0,0.0,0.0,0.0,0.0,0.0,1.0,0.0,0,0,0,0
1765814131460.0,0,60368.0,60367.0,0.0,0.999983,1,15.881496,28976944.0,0.0,0.0,0.0,0.0,0.0,1.7e-05,0.000287,1,1,1,1
1765814131460.0,1,2.0,0.0,0.0,0.0,1,1.0,1344.0,0.0,0.0,0.0,0.0,0.0,1.0,0.0,0,0,0,0
1765814132464.0,0,60206.0,60205.0,0.0,0.999983,1,15.87762,28899184.0,0.0,0.0,0.0,0.0,0.0,1.7e-05,0.000288,1,1,1,1
1765814132464.0,1,2.0,0.0,0.0,0.0,1,1.0,1344.0,0.0,0.0,0.0,0.0,0.0,1.0,0.0,0,0,0,0
1765814133468.0,0,59858.0,59849.0,1.0,0.99985,1,15.869256,28742888.0,1.0,0.000117,0.0,0.0,1.7e-05,1.7e-05,0.002264,1,1,1,1
1765814133468.0,1,13.0,0.0,1.0,0.0,1,3.70044,90240.0,0.0,0.846154,0.0,0.0,0.076923,0.153846,1.526235,0,1,1,1
1765814134472.0,0,60086.0,60075.0,0.0,0.999817,1,15.874741,28859224.0,1.0,0.000166,0.0,0.0,0.0,1.7e-05,0.002719,1,1,1,1
1765814134472.0,1,17.0,0.0,0.0,0.0,1,4.087463,147624.0,0.0,0.882353,0.0,0.0,0.0,0.117647,1.33282,0,1,1,1
1765814135476.0,0,47084.0,47083.0,0.0,0.999979,1,15.522949,22600624.0,0.0,0.0,0.0,0.0,0.0,2.1e-05,0.00036,1,1,1,1
1765814135476.0,1,2.0,0.0,0.0,0.0,1,1.0,1344.0,0.0,0.0,0.0,0.0,0.0,1.0,0.0,0,0,0,0
1765814136480.0,0,1.0,0.0,0.0,0.0,1,0.0,784.0,0.0,0.0,0.0,0.0,0.0,1.0,0.0,0,0,0,0
1765814136480.0,1,1.0,0.0,0.0,0.0,1,0.0,784.0,0.0,0.0,0.0,0.0,0.0,1.0,0.0,0,0,0,0
1765814137484.0,0,1.0,0.0,0.0,0.0,1,0.0,784.0,0.0,0.0,0.0,0.0,0.0,1.0,0.0,0,0,0,0
1765814137484.0,1,1.0,0.0,0.0,0.0,1,0.0,784.0,0.0,0.0,0.0,0.0,0.0,1.0,0.0,0,0,0,0
1765814138489.0,0,1.0,0.0,0.0,0.0,1,0.0,784.0,0.0,0.0,0.0,0.0,0.0,1.0,0.0,0,0,0,0
1765814138489.0,1,1.0,0.0,0.0,0.0,1,0.0,784.0,0.0,0.0,0.0,0.0,0.0,1.0,0.0,0,0,0,0
1765814139493.0,0,2.0,0.0,0.0,0.0,1,1.0,1312.0,0.0,0.5,0.5,0.0,0.0,0.5,0.0,0,1,0,0
1765814139493.0,1,3.0,0.0,0.0,0.0,1,1.584963,1840.0,0.0,0.666667,0.333333,0.0,0.0,0.333333,0.0,0,0,0,0
1765814140497.0,0,1.0,0.0,0.0,0.0,1,0.0,784.0,0.0,0.0,0.0,0.0,0.0,1.0,0.0,0,0,0,0
1765814140497.0,1,1.0,0.0,0.0,0.0,1,0.0,784.0,0.0,0.0,0.0,0.0,0.0,1.0,0.0,0,0,0,0
1765814141501.0,0,1.0,0.0,0.0,0.0,1,0.0,784.0,0.0,0.0,0.0,0.0,0.0,1.0,0.0,0,0,0,0
1765814141501.0,1,1.0,0.0,0.0,0.0,1,0.0,784.0,0.0,0.0,0.0,0.0,0.0,1.0,0.0,0,0,0,0
1765814142505.0,0,1.0,0.0,0.0,0.0,1,0.0,784.0,0.0,0.0,0.0,0.0,0.0,1.0,0.0,0,0,0,0
1765814142505.0,1,1.0,0.0,0.0,0.0,1,0.0,784.0,0.0,0.0,0.0,0.0,0.0,1.0,0.0,0,0,0,0
1765814143509.0,0,1.0,0.0,0.0,0.0,1,0.0,784.0,0.0,0.0,0.0,0.0,0.0,1.0,0.0,0,0,0,0
1765814143509.0,1,1.0,0.0,0.0,0.0,1,0.0,784.0,0.0,0.0,0.0,0.0,0.0,1.0,0.0,0,0,0,0
1765814144513.0,0,1.0,0.0,0.0,0.0,1,0.0,784.0,0.0,0.0,0.0,0.0,0.0,1.0,0.0,0,0,0,0
1765814144513.0,1,1.0,0.0,0.0,0.0,1,0.0,784.0,0.0,0.0,0.0,0.0,0.0,1.0,0.0,0,0,0,0
1765814145517.0,0,1.0,0.0,0.0,0.0,1,0.0,784.0,0.0,0.0,0.0,0.0,0.0,1.0,0.0,0,0,0,0
1765814145517.0,1,1.0,0.0,0.0,0.0,1,0.0,784.0,0.0,0.0,0.0,0.0,0.0,1.0,0.0,0,0,0,0
1765814146521.0,0,1.0,0.0,0.0,0.0,1,0.0,784.0,0.0,0.0,0.0,0.0,0.0,1.0,0.0,0,0,0,0
1765814146521.0,1,1.0,0.0,0.0,0.0,1,0.0,784.0,0.0,0.0,0.0,0.0,0.0,1.0,0.0,0,0,0,0
1765814147525.0,0,1.0,0.0,0.0,0.0,1,0.0,784.0,0.0,0.0,0.0,0.0,0.0,1.0,0.0,0,0,0,0
1765814147525.0,1,1.0,0.0,0.0,0.0,1,0.0,784.0,0.0,0.0,0.0,0.0,0.0,1.0,0.0,0,0,0,0
1765814148529.0,0,1.0,0.0,0.0,0.0,1,0.0,784.0,0.0,0.0,0.0,0.0,0.0,1.0,0.0,0,0,0,0
1765814148529.0,1,1.0,0.0,0.0,0.0,1,0.0,784.0,0.0,0.0,0.0,0.0,0.0,1.0,0.0,0,0,0,0
1765814149533.0,0,1.0,0.0,0.0,0.0,1,0.0,784.0,0.0,0.0,0.0,0.0,0.0,1.0,0.0,0,0,0,0
1765814149533.0,1,1.0,0.0,0.0,0.0,1,0.0,784.0,0.0,0.0,0.0,0.0,0.0,1.0,0.0,0,0,0,0
1765814150538.0,0,1.0,0.0,0.0,0.0,1,0.0,784.0,0.0,0.0,0.0,0.0,0.0,1.0,0.0,0,0,0,0
1765814150538.0,1,1.0,0.0,0.0,0.0,1,0.0,784.0,0.0,0.0,0.0,0.0,0.0,1.0,0.0,0,0,0,0
1765814151542.0,0,1.0,0.0,0.0,0.0,1,0.0,784.0,0.0,0.0,0.0,0.0,0.0,1.0,0.0,0,0,0,0
1765814151542.0,1,1.0,0.0,0.0,0.0,1,0.0,784.0,0.0,0.0,0.0,0.0,0.0,1.0,0.0,0,0,0,0
1765814152546.0,0,1.0,0.0,0.0,0.0,1,0.0,784.0,0.0,0.0,0.0,0.0,0.0,1.0,0.0,0,0,0,0
1765814152546.0,1,1.0,0.0,0.0,0.0,1,0.0,784.0,0.0,0.0,0.0,0.0,0.0,1.0,0.0,0,0,0,0
1765814153550.0,0,1.0,0.0,0.0,0.0,1,0.0,784.0,0.0,0.0,0.0,0.0,0.0,1.0,0.0,0,0,0,0
1765814153550.0,1,1.0,0.0,0.0,0.0,1,0.0,784.0,0.0,0.0,0.0,0.0,0.0,1.0,0.0,0,0,0,0
1765814154554.0,0,1.0,0.0,0.0,0.0,1,0.0,784.0,0.0,0.0,0.0,0.0,0.0,1.0,0.0,0,0,0,0
1765814154554.0,1,1.0,0.0,0.0,0.0,1,0.0,784.0,0.0,0.0,0.0,0.0,0.0,1.0,0.0,0,0,0,0
1765814155558.0,0,1.0,0.0,0.0,0.0,1,0.0,784.0,0.0,0.0,0.0,0.0,0.0,1.0,0.0,0,0,0,0
1765814155558.0,1,1.0,0.0,0.0,0.0,1,0.0,784.0,0.0,0.0,0.0,0.0,0.0,1.0,0.0,0,0,0,0
1765814156562.0,0,1.0,0.0,0.0,0.0,1,0.0,784.0,0.0,0.0,0.0,0.0,0.0,1.0,0.0,0,0,0,0
1765814156562.0,1,1.0,0.0,0.0,0.0,1,0.0,784.0,0.0,0.0,0.0,0.0,0.0,1.0,0.0,0,0,0,0
1765814157566.0,0,1.0,0.0,0.0,0.0,1,0.0,784.0,0.0,0.0,0.0,0.0,0.0,1.0,0.0,0,0,0,0
1765814157566.0,1,1.0,0.0,0.0,0.0,1,0.0,784.0,0.0,0.0,0.0,0.0,0.0,1.0,0.0,0,0,0,0
1765814158570.0,0,1.0,0.0,0.0,0.0,1,0.0,784.0,0.0,0.0,0.0,0.0,0.0,1.0,0.0,0,0,0,0
1765814158570.0,1,1.0,0.0,0.0,0.0,1,0.0,784.0,0.0,0.0,0.0,0.0,0.0,1.0,0.0,0,0,0,0
1765814159574.0,0,1.0,0.0,0.0,0.0,1,0.0,784.0,0.0,0.0,0.0,0.0,0.0,1.0,0.0,0,0,0,0
1765814159574.0,1,1.0,0.0,0.0,0.0,1,0.0,784.0,0.0,0.0,0.0,0.0,0.0,1.0,0.0,0,0,0,0
1765814160578.0,0,1.0,0.0,0.0,0.0,1,0.0,784.0,0.0,0.0,0.0,0.0,0.0,1.0,0.0,0,0,0,0
1765814160578.0,1,1.0,0.0,0.0,0.0,1,0.0,784.0,0.0,0.0,0.0,0.0,0.0,1.0,0.0,0,0,0,0
1765814161582.0,0,2.0,0.0,0.0,0.0,1,1.0,1264.0,0.0,0.0,0.0,0.0,0.0,0.5,1.0,0,0,0,0
1765814161582.0,1,2.0,0.0,0.0,0.0,1,1.0,1264.0,0.0,0.0,0.0,0.0,0.0,0.5,1.0,0,0,0,0
1765814162587.0,0,1.0,0.0,0.0,0.0,1,0.0,784.0,0.0,0.0,0.0,0.0,0.0,1.0,0.0,0,0,0,0
1765814162587.0,1,1.0,0.0,0.0,0.0,1,0.0,784.0,0.0,0.0,0.0,0.0,0.0,1.0,0.0,0,0,0,0
1765814163591.0,0,2.0,0.0,0.0,0.0,1,1.0,1264.0,0.0,0.0,0.0,0.0,0.0,0.5,1.0,0,0,0,0
1765814163591.0,1,2.0,0.0,0.0,0.0,1,1.0,1264.0,0.0,0.0,0.0,0.0,0.0,0.5,1.0,0,0,0,0
1765814164595.0,0,1.0,0.0,0.0,0.0,1,0.0,784.0,0.0,0.0,0.0,0.0,0.0,1.0,0.0,0,0,0,0
1765814164595.0,1,1.0,0.0,0.0,0.0,1,0.0,784.0,0.0,0.0,0.0,0.0,0.0,1.0,0.0,0,0,0,0
1765814165599.0,0,1.0,0.0,0.0,0.0,1,0.0,784.0,0.0,0.0,0.0,0.0,0.0,1.0,0.0,0,0,0,0
1765814165599.0,1,1.0,0.0,0.0,0.0,1,0.0,784.0,0.0,0.0,0.0,0.0,0.0,1.0,0.0,0,0,0,0
1765814166603.0,0,1.0,0.0,0.0,0.0,1,0.0,784.0,0.0,0.0,0.0,0.0,0.0,1.0,0.0,0,0,0,0
1765814166603.0,1,1.0,0.0,0.0,0.0,1,0.0,784.0,0.0,0.0,0.0,0.0,0.0,1.0,0.0,0,0,0,0
1765814167607.0,0,1.0,0.0,0.0,0.0,1,0.0,784.0,0.0,0.0,0.0,0.0,0.0,1.0,0.0,0,0,0,0
1765814167607.0,1,1.0,0.0,0.0,0.0,1,0.0,784.0,0.0,0.0,0.0,0.0,0.0,1.0,0.0,0,0,0,0
1765814168611.0,0,1.0,0.0,0.0,0.0,1,0.0,784.0,0.0,0.0,0.0,0.0,0.0,1.0,0.0,0,0,0,0
1765814168611.0,1,1.0,0.0,0.0,0.0,1,0.0,784.0,0.0,0.0,0.0,0.0,0.0,1.0,0.0,0,0,0,0
1765814169615.0,0,1.0,0.0,0.0,0.0,1,0.0,784.0,0.0,0.0,0.0,0.0,0.0,1.0,0.0,0,0,0,0
1765814169615.0,1,1.0,0.0,0.0,0.0,1,0.0,784.0,0.0,0.0,0.0,0.0,0.0,1.0,0.0,0,0,0,0
1765814170619.0,0,1.0,0.0,0.0,0.0,1,0.0,784.0,0.0,0.0,0.0,0.0,0.0,1.0,0.0,0,0,0,0
1765814170619.0,1,1.0,0.0,0.0,0.0,1,0.0,784.0,0.0,0.0,0.0,0.0,0.0,1.0,0.0,0,0,0,0
1765814171623.0,0,1.0,0.0,0.0,0.0,1,0.0,784.0,0.0,0.0,0.0,0.0,0.0,1.0,0.0,0,0,0,0
1765814171623.0,1,1.0,0.0,0.0,0.0,1,0.0,784.0,0.0,0.0,0.0,0.0,0.0,1.0,0.0,0,0,0,0
1765814172627.0,0,1.0,0.0,0.0,0.0,1,0.0,784.0,0.0,0.0,0.0,0.0,0.0,1.0,0.0,0,0,0,0
1765814172627.0,1,1.0,0.0,0.0,0.0,1,0.0,784.0,0.0,0.0,0.0,0.0,0.0,1.0,0.0,0,0,0,0
1765814173631.0,0,1.0,0.0,0.0,0.0,1,0.0,784.0,0.0,0.0,0.0,0.0,0.0,1.0,0.0,0,0,0,0
1765814173631.0,1,1.0,0.0,0.0,0.0,1,0.0,784.0,0.0,0.0,0.0,0.0,0.0,1.0,0.0,0,0,0,0
1765814174635.0,0,1.0,0.0,0.0,0.0,1,0.0,784.0,0.0,0.0,0.0,0.0,0.0,1.0,0.0,0,0,0,0
1765814174635.0,1,1.0,0.0,0.0,0.0,1,0.0,784.0,0.0,0.0,0.0,0.0,0.0,1.0,0.0,0,0,0,0
1765814175639.0,0,1.0,0.0,0.0,0.0,1,0.0,784.0,0.0,0.0,0.0,0.0,0.0,1.0,0.0,0,0,0,0
1765814175639.0,1,1.0,0.0,0.0,0.0,1,0.0,784.0,0.0,0.0,0.0,0.0,0.0,1.0,0.0,0,0,0,0
1765814176643.0,0,1.0,0.0,0.0,0.0,1,0.0,784.0,0.0,0.0,0.0,0.0,0.0,1.0,0.0,0,0,0,0
1765814176643.0,1,1.0,0.0,0.0,0.0,1,0.0,784.0,0.0,0.0,0.0,0.0,0.0,1.0,0.0,0,0,0,0
1765814177647.0,0,0.0,0.0,0.0,0.0,0,0.0,0.0,0.0,0.0,0.0,0.0,0.0,0.0,0.0,0,0,0,0
1765814177647.0,1,0.0,0.0,0.0,0.0,0,0.0,0.0,0.0,0.0,0.0,0.0,0.0,0.0,0.0,0,0,0,0
1765814178652.0,0,1.0,0.0,0.0,0.0,1,0.0,784.0,0.0,0.0,0.0,0.0,0.0,1.0,0.0,0,0,0,0
1765814178652.0,1,1.0,0.0,0.0,0.0,1,0.0,784.0,0.0,0.0,0.0,0.0,0.0,1.0,0.0,0,0,0,0
1765814179656.0,0,1.0,0.0,0.0,0.0,1,0.0,784.0,0.0,0.0,0.0,0.0,0.0,1.0,0.0,0,0,0,0
1765814179656.0,1,1.0,0.0,0.0,0.0,1,0.0,784.0,0.0,0.0,0.0,0.0,0.0,1.0,0.0,0,0,0,0
1765814180660.0,0,1.0,0.0,0.0,0.0,1,0.0,784.0,0.0,0.0,0.0,0.0,0.0,1.0,0.0,0,0,0,0
1765814180660.0,1,1.0,0.0,0.0,0.0,1,0.0,784.0,0.0,0.0,0.0,0.0,0.0,1.0,0.0,0,0,0,0
1765814181664.0,0,1.0,0.0,0.0,0.0,1,0.0,784.0,0.0,0.0,0.0,0.0,0.0,1.0,0.0,0,0,0,0
1765814181664.0,1,1.0,0.0,0.0,0.0,1,0.0,784.0,0.0,0.0,0.0,0.0,0.0,1.0,0.0,0,0,0,0
1765814182668.0,0,1.0,0.0,0.0,0.0,1,0.0,784.0,0.0,0.0,0.0,0.0,0.0,1.0,0.0,0,0,0,0
1765814182668.0,1,1.0,0.0,0.0,0.0,1,0.0,784.0,0.0,0.0,0.0,0.0,0.0,1.0,0.0,0,0,0,0
1765814183672.0,0,2.0,0.0,0.0,0.0,1,1.0,1264.0,0.0,0.0,0.0,0.0,0.0,0.5,1.0,0,0,0,0
1765814183672.0,1,2.0,0.0,0.0,0.0,1,1.0,1264.0,0.0,0.0,0.0,0.0,0.0,0.5,1.0,0,0,0,0
1765814184676.0,0,1.0,0.0,0.0,0.0,1,0.0,784.0,0.0,0.0,0.0,0.0,0.0,1.0,0.0,0,0,0,0
1765814184676.0,1,1.0,0.0,0.0,0.0,1,0.0,784.0,0.0,0.0,0.0,0.0,0.0,1.0,0.0,0,0,0,0
1765814185680.0,0,1.0,0.0,0.0,0.0,1,0.0,784.0,0.0,0.0,0.0,0.0,0.0,1.0,0.0,0,0,0,0
1765814185680.0,1,1.0,0.0,0.0,0.0,1,0.0,784.0,0.0,0.0,0.0,0.0,0.0,1.0,0.0,0,0,0,0
1765814186684.0,0,1.0,0.0,0.0,0.0,1,0.0,784.0,0.0,0.0,0.0,0.0,0.0,1.0,0.0,0,0,0,0
1765814186684.0,1,1.0,0.0,0.0,0.0,1,0.0,784.0,0.0,0.0,0.0,0.0,0.0,1.0,0.0,0,0,0,0
1765814187688.0,0,1.0,0.0,0.0,0.0,1,0.0,784.0,0.0,0.0,0.0,0.0,0.0,1.0,0.0,0,0,0,0
1765814187688.0,1,1.0,0.0,0.0,0.0,1,0.0,784.0,0.0,0.0,0.0,0.0,0.0,1.0,0.0,0,0,0,0
1765814188692.0,0,1.0,0.0,0.0,0.0,1,0.0,784.0,0.0,0.0,0.0,0.0,0.0,1.0,0.0,0,0,0,0
1765814188692.0,1,1.0,0.0,0.0,0.0,1,0.0,784.0,0.0,0.0,0.0,0.0,0.0,1.0,0.0,0,0,0,0
1765814189696.0,0,1.0,0.0,0.0,0.0,1,0.0,784.0,0.0,0.0,0.0,0.0,0.0,1.0,0.0,0,0,0,0
1765814189696.0,1,1.0,0.0,0.0,0.0,1,0.0,784.0,0.0,0.0,0.0,0.0,0.0,1.0,0.0,0,0,0,0
1765814190700.0,0,1.0,0.0,0.0,0.0,1,0.0,784.0,0.0,0.0,0.0,0.0,0.0,1.0,0.0,0,0,0,0
1765814190700.0,1,1.0,0.0,0.0,0.0,1,0.0,784.0,0.0,0.0,0.0,0.0,0.0,1.0,0.0,0,0,0,0
1765814191704.0,0,1.0,0.0,0.0,0.0,1,0.0,784.0,0.0,0.0,0.0,0.0,0.0,1.0,0.0,0,0,0,0
1765814191704.0,1,1.0,0.0,0.0,0.0,1,0.0,784.0,0.0,0.0,0.0,0.0,0.0,1.0,0.0,0,0,0,0
1765814192709.0,0,2.0,0.0,0.0,0.0,1,1.0,1264.0,0.0,0.0,0.0,0.0,0.0,0.5,1.0,0,0,0,0
1765814192709.0,1,2.0,0.0,0.0,0.0,1,1.0,1264.0,0.0,0.0,0.0,0.0,0.0,0.5,1.0,0,0,0,0
1765814193713.0,0,1.0,0.0,0.0,0.0,1,0.0,784.0,0.0,0.0,0.0,0.0,0.0,1.0,0.0,0,0,0,0
1765814193713.0,1,1.0,0.0,0.0,0.0,1,0.0,784.0,0.0,0.0,0.0,0.0,0.0,1.0,0.0,0,0,0,0
1765814194717.0,0,1.0,0.0,0.0,0.0,1,0.0,784.0,0.0,0.0,0.0,0.0,0.0,1.0,0.0,0,0,0,0
1765814194717.0,1,1.0,0.0,0.0,0.0,1,0.0,784.0,0.0,0.0,0.0,0.0,0.0,1.0,0.0,0,0,0,0
1765814195721.0,0,1.0,0.0,0.0,0.0,1,0.0,784.0,0.0,0.0,0.0,0.0,0.0,1.0,0.0,0,0,0,0
1765814195721.0,1,1.0,0.0,0.0,0.0,1,0.0,784.0,0.0,0.0,0.0,0.0,0.0,1.0,0.0,0,0,0,0
1765814196725.0,0,1.0,0.0,0.0,0.0,1,0.0,784.0,0.0,0.0,0.0,0.0,0.0,1.0,0.0,0,0,0,0
1765814196725.0,1,1.0,0.0,0.0,0.0,1,0.0,784.0,0.0,0.0,0.0,0.0,0.0,1.0,0.0,0,0,0,0
1765814197729.0,0,1.0,0.0,0.0,0.0,1,0.0,784.0,0.0,0.0,0.0,0.0,0.0,1.0,0.0,0,0,0,0
1765814197729.0,1,1.0,0.0,0.0,0.0,1,0.0,784.0,0.0,0.0,0.0,0.0,0.0,1.0,0.0,0,0,0,0
1765814198733.0,0,1.0,0.0,0.0,0.0,1,0.0,784.0,0.0,0.0,0.0,0.0,0.0,1.0,0.0,0,0,0,0
1765814198733.0,1,1.0,0.0,0.0,0.0,1,0.0,784.0,0.0,0.0,0.0,0.0,0.0,1.0,0.0,0,0,0,0
1765814199737.0,0,26280.0,26279.0,0.0,0.999962,3756,2.806696,307720768.0,1.0,0.0,0.0,0.0,0.0,3.8e-05,0.59225,1,1,1,1
1765814199737.0,1,2.0,0.0,0.0,0.0,1,1.0,1264.0,0.0,0.0,0.0,0.0,0.0,0.5,1.0,0,0,0,0
1765814200741.0,0,61004.0,61003.0,0.0,0.999984,8716,2.807166,714330496.0,1.0,0.0,0.0,0.0,0.0,1.6e-05,0.591917,1,1,1,1
1765814200741.0,1,1.0,0.0,0.0,0.0,0,0.0,480.0,0.0,0.0,0.0,0.0,0.0,0.0,0.0,0,0,0,0
1765814201745.0,0,57094.0,57093.0,0.0,0.999982,8157,2.807229,668541088.0,1.0,0.0,0.0,0.0,0.0,1.8e-05,0.592003,1,1,1,1
1765814201745.0,1,1.0,0.0,0.0,0.0,0,0.0,480.0,0.0,0.0,0.0,0.0,0.0,0.0,0.0,0,0,0,0
1765814202749.0,0,59592.0,59591.0,0.0,0.999983,8514,2.80721,697794368.0,1.0,0.0,0.0,0.0,0.0,1.7e-05,0.591953,1,1,1,1
1765814202749.0,1,1.0,0.0,0.0,0.0,0,0.0,480.0,0.0,0.0,0.0,0.0,0.0,0.0,0.0,0,0,0,0
1765814203753.0,0,61634.0,61633.0,0.0,0.999984,8806,2.807168,721707616.0,1.0,0.0,0.0,0.0,0.0,1.6e-05,0.591915,1,1,1,1
1765814203753.0,1,1.0,0.0,0.0,0.0,0,0.0,480.0,0.0,0.0,0.0,0.0,0.0,0.0,0.0,0,0,0,0
1765814204757.0,0,61032.0,61030.0,0.0,0.999967,8721,2.807,714643920.0,1.0,0.0,0.0,0.0,0.0,1.6e-05,0.59224,1,1,1,1
1765814204757.0,1,2.0,0.0,0.0,0.0,0,0.0,960.0,0.0,0.0,0.0,0.0,0.0,0.0,0.0,0,0,0,0
1765814205761.0,0,61074.0,61073.0,0.0,0.999984,8726,2.807166,715147360.0,1.0,0.0,0.0,0.0,0.0,1.6e-05,0.591959,1,1,1,1
1765814205761.0,1,1.0,0.0,0.0,0.0,0,0.0,480.0,0.0,0.0,0.0,0.0,0.0,0.0,0.0,0,0,0,0
1765814206765.0,0,61410.0,61409.0,0.0,0.999984,8773,2.807331,719084640.0,1.0,0.0,0.0,0.0,0.0,1.6e-05,0.591916,1,1,1,1
1765814206765.0,1,1.0,0.0,0.0,0.0,0,0.0,480.0,0.0,0.0,0.0,0.0,0.0,0.0,0.0,0,0,0,0
1765814207770.0,0,61549.0,61548.0,0.0,0.999984,8795,2.80698,720709072.0,1.0,0.0,0.0,0.0,0.0,1.6e-05,0.591963,1,1,1,1
1765814207770.0,1,1.0,0.0,0.0,0.0,0,0.0,480.0,0.0,0.0,0.0,0.0,0.0,0.0,0.0,0,0,0,0
1765814208774.0,0,60940.0,60939.0,0.0,0.999984,8707,2.807142,713580672.0,1.0,0.0,0.0,0.0,0.0,1.6e-05,0.591923,1,1,1,1
1765814208774.0,1,1.0,0.0,0.0,0.0,0,0.0,480.0,0.0,0.0,0.0,0.0,0.0,0.0,0.0,0,0,0,0
1765814209778.0,0,53372.0,53371.0,0.0,0.999981,7627,2.806895,624958336.0,1.0,0.0,0.0,0.0,0.0,1.9e-05,0.592011,1,1,1,1
1765814209778.0,1,1.0,0.0,0.0,0.0,0,0.0,480.0,0.0,0.0,0.0,0.0,0.0,0.0,0.0,0,0,0,0
1765814210782.0,0,58078.0,58077.0,0.0,0.999983,8298,2.807156,680065056.0,1.0,0.0,0.0,0.0,0.0,1.7e-05,0.591973,1,1,1,1
1765814210782.0,1,1.0,0.0,0.0,0.0,0,0.0,480.0,0.0,0.0,0.0,0.0,0.0,0.0,0.0,0,0,0,0
1765814211786.0,0,61222.0,61221.0,0.0,0.999984,8747,2.80719,716883616.0,1.0,0.0,0.0,0.0,0.0,1.6e-05,0.59191,1,1,1,1
1765814211786.0,1,1.0,0.0,0.0,0.0,0,0.0,480.0,0.0,0.0,0.0,0.0,0.0,0.0,0.0,0,0,0,0
1765814212790.0,0,60536.0,60535.0,0.0,0.999983,8650,2.807021,708847936.0,1.0,0.0,0.0,0.0,0.0,1.7e-05,0.591955,1,1,1,1
1765814212790.0,1,1.0,0.0,0.0,0.0,0,0.0,480.0,0.0,0.0,0.0,0.0,0.0,0.0,0.0,0,0,0,0
1765814213794.0,0,61524.0,61523.0,0.0,0.999984,8791,2.80705,720417536.0,1.0,0.0,0.0,0.0,0.0,1.6e-05,0.591945,1,1,1,1
1765814213794.0,1,1.0,0.0,0.0,0.0,0,0.0,480.0,0.0,0.0,0.0,0.0,0.0,0.0,0.0,0,0,0,0
1765814214798.0,0,60610.0,60609.0,0.0,0.999984,8661,2.80695,709713248.0,1.0,0.0,0.0,0.0,0.0,1.6e-05,0.591973,1,1,1,1
1765814214798.0,1,1.0,0.0,0.0,0.0,0,0.0,480.0,0.0,0.0,0.0,0.0,0.0,0.0,0.0,0,0,0,0
1765814215802.0,0,56531.0,56530.0,0.0,0.999982,8077,2.807151,661952944.0,1.0,0.0,0.0,0.0,0.0,1.8e-05,0.591934,1,1,1,1
1765814215802.0,1,1.0,0.0,0.0,0.0,0,0.0,480.0,0.0,0.0,0.0,0.0,0.0,0.0,0.0,0,0,0,0
1765814216806.0,0,60104.0,60103.0,0.0,0.999983,8588,2.807067,703787328.0,1.0,0.0,0.0,0.0,0.0,1.7e-05,0.591988,1,1,1,1
1765814216806.0,1,1.0,0.0,0.0,0.0,0,0.0,480.0,0.0,0.0,0.0,0.0,0.0,0.0,0.0,0,0,0,0
1765814217810.0,0,60426.0,60425.0,0.0,0.999983,8633,2.807236,707560672.0,1.0,0.0,0.0,0.0,0.0,1.7e-05,0.591944,1,1,1,1
1765814217810.0,1,1.0,0.0,0.0,0.0,0,0.0,480.0,0.0,0.0,0.0,0.0,0.0,0.0,0.0,0,0,0,0
1765814218814.0,0,60962.0,60961.0,0.0,0.999984,8710,2.807166,713838688.0,1.0,0.0,0.0,0.0,0.0,1.6e-05,0.591917,1,1,1,1
1765814218814.0,1,1.0,0.0,0.0,0.0,0,0.0,480.0,0.0,0.0,0.0,0.0,0.0,0.0,0.0,0,0,0,0
1765814219818.0,0,60342.0,60341.0,0.0,0.999983,8622,2.807068,706574240.0,1.0,0.0,0.0,0.0,0.0,1.7e-05,0.591987,1,1,1,1
1765814219818.0,1,1.0,0.0,0.0,0.0,0,0.0,480.0,0.0,0.0,0.0,0.0,0.0,0.0,0.0,0,0,0,0
1765814220822.0,0,60724.0,60722.0,0.0,0.999967,8676,2.807165,711040144.0,1.0,0.0,0.0,0.0,0.0,1.6e-05,0.5922,1,1,1,1
1765814220822.0,1,2.0,0.0,0.0,0.0,0,0.0,960.0,0.0,0.0,0.0,0.0,0.0,0.0,0.0,0,0,0,0
1765814221826.0,0,60728.0,60727.0,0.0,0.999984,8677,2.807094,711097408.0,1.0,0.0,0.0,0.0,0.0,1.6e-05,0.591936,1,1,1,1
1765814221826.0,1,0.0,0.0,0.0,0.0,0,0.0,0.0,0.0,0.0,0.0,0.0,0.0,0.0,0.0,0,0,0,0
1765814222830.0,0,60748.0,60746.0,0.0,0.999967,8680,2.80707,711319584.0,1.0,0.0,0.0,0.0,0.0,1.6e-05,0.592224,1,1,1,1
1765814222830.0,1,1.0,0.0,0.0,0.0,0,0.0,480.0,0.0,0.0,0.0,0.0,0.0,0.0,0.0,0,0,0,0
1765814223835.0,0,60825.0,60824.0,0.0,0.999984,8691,2.80707,712230032.0,1.0,0.0,0.0,0.0,0.0,1.6e-05,0.591984,1,1,1,1
1765814223835.0,1,1.0,0.0,0.0,0.0,0,0.0,480.0,0.0,0.0,0.0,0.0,0.0,0.0,0.0,0,0,0,0
1765814224839.0,0,60980.0,60979.0,0.0,0.999984,8713,2.807095,714048256.0,1.0,0.0,0.0,0.0,0.0,1.6e-05,0.591935,1,1,1,1
1765814224839.0,1,1.0,0.0,0.0,0.0,0,0.0,480.0,0.0,0.0,0.0,0.0,0.0,0.0,0.0,0,0,0,0
1765814225843.0,0,60941.0,60940.0,0.0,0.999984,8707,2.807166,713589968.0,1.0,0.0,0.0,0.0,0.0,1.6e-05,0.59196,1,1,1,1
1765814225843.0,1,1.0,0.0,0.0,0.0,0,0.0,480.0,0.0,0.0,0.0,0.0,0.0,0.0,0.0,0,0,0,0
1765814226847.0,0,60508.0,60507.0,0.0,0.999983,8645,2.807188,708522880.0,1.0,0.0,0.0,0.0,0.0,1.7e-05,0.591913,1,1,1,1
1765814226847.0,1,1.0,0.0,0.0,0.0,0,0.0,480.0,0.0,0.0,0.0,0.0,0.0,0.0,0.0,0,0,0,0
1765814227851.0,0,60902.0,60901.0,0.0,0.999984,8702,2.807071,713131680.0,1.0,0.0,0.0,0.0,0.0,1.6e-05,0.591984,1,1,1,1
1765814227851.0,1,1.0,0.0,0.0,0.0,0,0.0,480.0,0.0,0.0,0.0,0.0,0.0,0.0,0.0,0,0,0,0
1765814228855.0,0,60806.0,60806.0,0.0,1.0,8687,2.807284,712022496.0,1.0,0.0,0.0,0.0,0.0,0.0,0.591648,1,1,1,1
1765814228855.0,1,1.0,0.0,0.0,0.0,0,0.0,480.0,0.0,0.0,0.0,0.0,0.0,0.0,0.0,0,0,0,0
1765814229859.0,0,60970.0,60969.0,0.0,0.999984,8712,2.807024,713929952.0,1.0,0.0,0.0,0.0,0.0,1.6e-05,0.591954,1,1,1,1
1765814229859.0,1,3.0,1.0,0.0,0.333333,1,1.584963,3568.0,0.0,0.0,0.0,0.0,0.0,0.0,0.918296,0,1,0,0
1765814230863.0,0,61054.0,61053.0,0.0,0.999984,8723,2.80719,714913568.0,1.0,0.0,0.0,0.0,0.0,1.6e-05,0.591953,1,1,1,1
1765814230863.0,1,1.0,0.0,0.0,0.0,0,0.0,480.0,0.0,0.0,0.0,0.0,0.0,0.0,0.0,0,0,0,0
1765814231867.0,0,61018.0,61017.0,0.0,0.999984,8718,2.807166,714491616.0,1.0,0.0,0.0,0.0,0.0,1.6e-05,0.591959,1,1,1,1
1765814231867.0,1,1.0,0.0,0.0,0.0,0,0.0,480.0,0.0,0.0,0.0,0.0,0.0,0.0,0.0,0,0,0,0
1765814232871.0,0,61122.0,61121.0,0.0,0.999984,8733,2.807143,715711840.0,1.0,0.0,0.0,0.0,0.0,1.6e-05,0.591923,1,1,1,1
1765814232871.0,1,1.0,0.0,0.0,0.0,0,0.0,480.0,0.0,0.0,0.0,0.0,0.0,0.0,0.0,0,0,0,0
1765814233875.0,0,61406.0,61405.0,0.0,0.999984,8774,2.807073,719036192.0,1.0,0.0,0.0,0.0,0.0,1.6e-05,0.59194,1,1,1,1
1765814233875.0,1,1.0,0.0,0.0,0.0,0,0.0,480.0,0.0,0.0,0.0,0.0,0.0,0.0,0.0,0,0,0,0
1765814234879.0,0,60976.0,60975.0,0.0,0.999984,8713,2.807,713999808.0,1.0,0.0,0.0,0.0,0.0,1.6e-05,0.59196,1,1,1,1
1765814234879.0,1,1.0,0.0,0.0,0.0,0,0.0,480.0,0.0,0.0,0.0,0.0,0.0,0.0,0.0,0,0,0,0
1765814235884.0,0,60877.0,60876.0,0.0,0.999984,8698,2.807142,712840144.0,1.0,0.0,0.0,0.0,0.0,1.6e-05,0.591966,1,1,1,1
1765814235884.0,1,1.0,0.0,0.0,0.0,0,0.0,480.0,0.0,0.0,0.0,0.0,0.0,0.0,0.0,0,0,0,0
1765814236888.0,0,60944.0,60943.0,0.0,0.999984,8708,2.807071,713626304.0,1.0,0.0,0.0,0.0,0.0,1.6e-05,0.591941,1,1,1,1
1765814236888.0,1,1.0,0.0,0.0,0.0,0,0.0,480.0,0.0,0.0,0.0,0.0,0.0,0.0,0.0,0,0,0,0
1765814237892.0,0,60987.0,60986.0,0.0,0.999984,8714,2.807095,714130224.0,1.0,0.0,0.0,0.0,0.0,1.6e-05,0.591935,1,1,1,1
1765814237892.0,1,1.0,0.0,0.0,0.0,0,0.0,480.0,0.0,0.0,0.0,0.0,0.0,0.0,0.0,0,0,0,0
1765814238896.0,0,60790.0,60789.0,0.0,0.999984,8684,2.807402,711823008.0,1.0,0.0,0.0,0.0,0.0,1.6e-05,0.591942,1,1,1,1
1765814238896.0,1,1.0,0.0,0.0,0.0,0,0.0,480.0,0.0,0.0,0.0,0.0,0.0,0.0,0.0,0,0,0,0
1765814239900.0,0,60844.0,60843.0,0.0,0.999984,8694,2.807023,712454528.0,1.0,0.0,0.0,0.0,0.0,1.6e-05,0.591954,1,1,1,1
1765814239900.0,1,1.0,0.0,0.0,0.0,0,0.0,480.0,0.0,0.0,0.0,0.0,0.0,0.0,0.0,0,0,0,0
1765814240904.0,0,60906.0,60905.0,0.0,0.999984,8703,2.807,713180128.0,1.0,0.0,0.0,0.0,0.0,1.6e-05,0.59196,1,1,1,1
1765814240904.0,1,1.0,0.0,0.0,0.0,0,0.0,480.0,0.0,0.0,0.0,0.0,0.0,0.0,0.0,0,0,0,0
1765814241908.0,0,61126.0,61125.0,0.0,0.999984,8733,2.807237,715757472.0,1.0,0.0,0.0,0.0,0.0,1.6e-05,0.591941,1,1,1,1
1765814241908.0,1,1.0,0.0,0.0,0.0,0,0.0,480.0,0.0,0.0,0.0,0.0,0.0,0.0,0.0,0,0,0,0
1765814242912.0,0,60934.0,60932.0,0.0,0.999967,8706,2.807166,713488144.0,1.584963,0.0,0.0,0.0,0.0,1.6e-05,0.592401,1,1,1,1
1765814242912.0,1,1.0,0.0,0.0,0.0,0,0.0,480.0,0.0,0.0,0.0,0.0,0.0,0.0,0.0,0,0,0,0
1765814243916.0,0,59436.0,59435.0,0.0,0.999983,8493,2.806991,695966848.0,1.0,0.0,0.0,0.0,0.0,1.7e-05,0.591966,1,1,1,1
1765814243916.0,1,1.0,0.0,0.0,0.0,0,0.0,480.0,0.0,0.0,0.0,0.0,0.0,0.0,0.0,0,0,0,0
1765814244920.0,0,57648.0,57647.0,0.0,0.999983,8237,2.80708,675031488.0,1.0,0.0,0.0,0.0,0.0,1.7e-05,0.591949,1,1,1,1
1765814244920.0,1,1.0,0.0,0.0,0.0,0,0.0,480.0,0.0,0.0,0.0,0.0,0.0,0.0,0.0,0,0,0,0
1765814245924.0,0,61214.0,61213.0,0.0,0.999984,8747,2.807001,716786720.0,1.0,0.0,0.0,0.0,0.0,1.6e-05,0.591959,1,1,1,1
1765814245924.0,1,1.0,0.0,0.0,0.0,0,0.0,480.0,0.0,0.0,0.0,0.0,0.0,0.0,0.0,0,0,0,0
1765814246928.0,0,61164.0,61163.0,0.0,0.999984,8739,2.807143,716200832.0,1.0,0.0,0.0,0.0,0.0,1.6e-05,0.591965,1,1,1,1
1765814246928.0,1,1.0,0.0,0.0,0.0,0,0.0,480.0,0.0,0.0,0.0,0.0,0.0,0.0,0.0,0,0,0,0
1765814247933.0,0,61290.0,61289.0,0.0,0.999984,8755,2.807473,717679072.0,1.0,0.0,0.0,0.0,0.0,1.6e-05,0.591922,1,1,1,1
1765814247933.0,1,1.0,0.0,0.0,0.0,0,0.0,480.0,0.0,0.0,0.0,0.0,0.0,0.0,0.0,0,0,0,0
1765814248937.0,0,60160.0,60158.0,0.0,0.999967,8596,2.807067,704434256.0,1.0,0.0,0.0,0.0,0.0,1.7e-05,0.592229,1,1,1,1
1765814248937.0,1,2.0,0.0,0.0,0.0,0,0.0,960.0,0.0,0.0,0.0,0.0,0.0,0.0,0.0,0,0,0,0
1765814249941.0,0,70734.0,70733.0,0.0,0.999986,10107,2.807049,828263200.0,1.0,0.0,0.0,0.0,0.0,1.4e-05,0.591923,1,1,1,1
1765814249941.0,1,1.0,0.0,0.0,0.0,0,0.0,480.0,0.0,0.0,0.0,0.0,0.0,0.0,0.0,0,0,0,0
1765814250945.0,0,125274.0,125273.0,0.0,0.999992,17897,2.807297,1466912224.0,1.0,0.0,0.0,0.0,0.0,8e-06,0.591812,1,1,1,1
1765814250945.0,1,1.0,0.0,0.0,0.0,0,0.0,480.0,0.0,0.0,0.0,0.0,0.0,0.0,0.0,0,0,0,0
1765814251949.0,0,125736.0,125734.0,0.0,0.999984,17963,2.807298,1472310480.0,1.0,0.0,0.0,0.0,0.0,8e-06,0.591956,1,1,1,1
1765814251949.0,1,1.0,0.0,0.0,0.0,0,0.0,480.0,0.0,0.0,0.0,0.0,0.0,0.0,0.0,0,0,0,0
1765814252953.0,0,127324.0,127322.0,0.0,0.999984,18190,2.807287,1490905104.0,1.0,0.0,0.0,0.0,0.0,8e-06,0.591955,1,1,1,1
1765814252953.0,1,1.0,0.0,0.0,0.0,0,0.0,480.0,0.0,0.0,0.0,0.0,0.0,0.0,0.0,0,0,0,0
1765814253957.0,0,125558.0,125556.0,0.0,0.999984,17938,2.807263,1470227760.0,1.0,0.0,0.0,0.0,0.0,8e-06,0.591944,1,1,1,1
1765814253957.0,1,1.0,0.0,0.0,0.0,0,0.0,480.0,0.0,0.0,0.0,0.0,0.0,0.0,0.0,0,0,0,0
1765814254961.0,0,127196.0,127194.0,0.0,0.999984,18173,2.807185,1489405456.0,1.0,0.0,0.0,0.0,0.0,8e-06,0.591961,1,1,1,1
1765814254961.0,1,1.0,0.0,0.0,0.0,0,0.0,480.0,0.0,0.0,0.0,0.0,0.0,0.0,0.0,0,0,0,0
1765814255965.0,0,120806.0,120804.0,0.0,0.999983,17259,2.807271,1414580784.0,1.0,0.0,0.0,0.0,0.0,8e-06,0.591972,1,1,1,1
1765814255965.0,1,1.0,0.0,0.0,0.0,0,0.0,480.0,0.0,0.0,0.0,0.0,0.0,0.0,0.0,0,0,0,0
1765814256969.0,0,125900.0,125898.0,0.0,0.999984,17987,2.807252,1474232080.0,1.0,0.0,0.0,0.0,0.0,8e-06,0.591947,1,1,1,1
1765814256969.0,1,1.0,0.0,0.0,0.0,0,0.0,480.0,0.0,0.0,0.0,0.0,0.0,0.0,0.0,0,0,0,0
1765814257973.0,0,126688.0,126686.0,0.0,0.999984,18100,2.807218,1483458128.0,1.0,0.0,0.0,0.0,0.0,8e-06,0.591954,1,1,1,1
1765814257973.0,1,1.0,0.0,0.0,0.0,0,0.0,480.0,0.0,0.0,0.0,0.0,0.0,0.0,0.0,0,0,0,0
1765814258977.0,0,127184.0,127182.0,0.0,0.999984,18170,2.807287,1489265744.0,1.0,0.0,0.0,0.0,0.0,8e-06,0.591956,1,1,1,1
1765814258977.0,1,1.0,0.0,0.0,0.0,0,0.0,480.0,0.0,0.0,0.0,0.0,0.0,0.0,0.0,0,0,0,0
1765814259981.0,0,126348.0,126346.0,0.0,0.999984,18050,2.807332,1479478032.0,1.0,0.0,0.0,0.0,0.0,8e-06,0.591946,1,1,1,1
1765814259981.0,1,1.0,0.0,0.0,0.0,0,0.0,480.0,0.0,0.0,0.0,0.0,0.0,0.0,0.0,0,0,0,0
1765814260985.0,0,126670.0,126668.0,0.0,0.999984,18098,2.807173,1483245744.0,1.0,0.0,0.0,0.0,0.0,8e-06,0.591966,1,1,1,1
1765814260985.0,1,1.0,0.0,0.0,0.0,0,0.0,480.0,0.0,0.0,0.0,0.0,0.0,0.0,0.0,0,0,0,0
1765814261989.0,0,125897.0,125895.0,0.0,0.999984,17987,2.807217,1474195744.0,1.0,0.0,0.0,0.0,0.0,8e-06,0.591955,1,1,1,1
1765814261989.0,1,1.0,0.0,0.0,0.0,0,0.0,480.0,0.0,0.0,0.0,0.0,0.0,0.0,0.0,0,0,0,0
1765814262994.0,0,125746.0,125744.0,0.0,0.999984,17964,2.807332,1472428784.0,1.0,0.0,0.0,0.0,0.0,8e-06,0.591947,1,1,1,1
1765814262994.0,1,1.0,0.0,0.0,0.0,0,0.0,480.0,0.0,0.0,0.0,0.0,0.0,0.0,0.0,0,0,0,0
1765814263998.0,0,126976.0,126974.0,0.0,0.999984,18141,2.80723,1486830928.0,1.0,0.0,0.0,0.0,0.0,8e-06,0.59195,1,1,1,1
1765814263998.0,1,1.0,0.0,0.0,0.0,0,0.0,480.0,0.0,0.0,0.0,0.0,0.0,0.0,0.0,0,0,0,0
1765814265002.0,0,127550.0,127548.0,0.0,0.999984,18223,2.807231,1493549488.0,1.0,0.0,0.0,0.0,0.0,8e-06,0.591969,1,1,1,1
1765814265002.0,1,1.0,0.0,0.0,0.0,0,0.0,480.0,0.0,0.0,0.0,0.0,0.0,0.0,0.0,0,0,0,0
1765814266006.0,0,124118.0,124116.0,0.0,0.999984,17731,2.807367,1453366576.0,1.0,0.0,0.0,0.0,0.0,8e-06,0.591941,1,1,1,1
1765814266006.0,1,1.0,0.0,0.0,0.0,0,0.0,480.0,0.0,0.0,0.0,0.0,0.0,0.0,0.0,0,0,0,0
1765814267010.0,0,127706.0,127704.0,0.0,0.999984,18246,2.807174,1495377008.0,1.0,0.0,0.0,0.0,0.0,8e-06,0.591963,1,1,1,1
1765814267010.0,1,1.0,0.0,0.0,0.0,0,0.0,480.0,0.0,0.0,0.0,0.0,0.0,0.0,0.0,0,0,0,0
1765814268014.0,0,117938.0,117936.0,0.0,0.999983,16849,2.807294,1380998128.0,1.0,0.0,0.0,0.0,0.0,8e-06,0.591973,1,1,1,1
1765814268014.0,1,1.0,0.0,0.0,0.0,0,0.0,480.0,0.0,0.0,0.0,0.0,0.0,0.0,0.0,0,0,0,0
1765814269018.0,0,123912.0,123910.0,0.0,0.999984,17703,2.80725,1450953168.0,1.0,0.0,0.0,0.0,0.0,8e-06,0.591951,1,1,1,1
1765814269018.0,1,1.0,0.0,0.0,0.0,0,0.0,480.0,0.0,0.0,0.0,0.0,0.0,0.0,0.0,0,0,0,0
1765814270022.0,0,126858.0,126856.0,0.0,0.999984,18123,2.807321,1485446768.0,1.0,0.0,0.0,0.0,0.0,8e-06,0.591968,1,1,1,1
1765814270022.0,1,1.0,0.0,0.0,0.0,0,0.0,480.0,0.0,0.0,0.0,0.0,0.0,0.0,0.0,0,0,0,0
1765814271026.0,0,65920.0,65918.0,0.0,0.99997,9418,2.807224,771884624.0,1.0,0.0,0.0,0.0,0.0,1.5e-05,0.592151,1,1,1,1
1765814271026.0,1,1.0,0.0,0.0,0.0,0,0.0,480.0,0.0,0.0,0.0,0.0,0.0,0.0,0.0,0,0,0,0
1765814272030.0,0,60744.0,60742.0,0.0,0.999967,8679,2.807141,711271120.0,1.0,0.0,0.0,0.0,0.0,1.6e-05,0.592248,1,1,1,1
1765814272030.0,1,1.0,0.0,0.0,0.0,0,0.0,480.0,0.0,0.0,0.0,0.0,0.0,0.0,0.0,0,0,0,0
1765814273034.0,0,60344.0,60343.0,0.0,0.999983,8622,2.807116,706601280.0,1.0,0.0,0.0,0.0,0.0,1.7e-05,0.591932,1,1,1,1
1765814273034.0,1,1.0,0.0,0.0,0.0,0,0.0,480.0,0.0,0.0,0.0,0.0,0.0,0.0,0.0,0,0,0,0
1765814274038.0,0,60861.0,60860.0,0.0,0.999984,8696,2.807094,712651984.0,1.0,0.0,0.0,0.0,0.0,1.6e-05,0.591978,1,1,1,1
1765814274038.0,1,0.0,0.0,0.0,0.0,0,0.0,0.0,0.0,0.0,0.0,0.0,0.0,0.0,0.0,0,0,0,0
1765814275042.0,0,60816.0,60815.0,0.0,0.999984,8689,2.807189,712129472.0,1.0,0.0,0.0,0.0,0.0,1.6e-05,0.591912,1,1,1,1
1765814275042.0,1,1.0,0.0,0.0,0.0,0,0.0,480.0,0.0,0.0,0.0,0.0,0.0,0.0,0.0,0,0,0,0
1765814276046.0,0,60863.0,60862.0,0.0,0.999984,8697,2.806976,712676208.0,1.0,0.0,0.0,0.0,0.0,1.6e-05,0.591966,1,1,1,1
1765814276046.0,1,1.0,0.0,0.0,0.0,0,0.0,480.0,0.0,0.0,0.0,0.0,0.0,0.0,0.0,0,0,0,0
1765814277050.0,0,60382.0,60380.0,0.0,0.999967,8628,2.80702,707033008.0,1.0,0.0,0.0,0.0,0.0,1.7e-05,0.592239,1,1,1,1
1765814277050.0,1,2.0,0.0,0.0,0.0,0,0.0,960.0,0.0,0.0,0.0,0.0,0.0,0.0,0.0,0,0,0,0
1765814278055.0,0,61050.0,61049.0,0.0,0.999984,8723,2.807095,714867936.0,1.0,0.0,0.0,0.0,0.0,1.6e-05,0.591935,1,1,1,1
1765814278055.0,1,1.0,0.0,0.0,0.0,0,0.0,480.0,0.0,0.0,0.0,0.0,0.0,0.0,0.0,0,0,0,0
1765814279059.0,0,60594.0,60593.0,0.0,0.999983,8658,2.807069,709527904.0,1.0,0.0,0.0,0.0,0.0,1.7e-05,0.591943,1,1,1,1
1765814279059.0,1,1.0,0.0,0.0,0.0,0,0.0,480.0,0.0,0.0,0.0,0.0,0.0,0.0,0.0,0,0,0,0
1765814280063.0,0,60662.0,60661.0,0.0,0.999984,8668,2.807022,710323360.0,1.0,0.0,0.0,0.0,0.0,1.6e-05,0.591955,1,1,1,1
1765814280063.0,1,1.0,0.0,0.0,0.0,0,0.0,480.0,0.0,0.0,0.0,0.0,0.0,0.0,0.0,0,0,0,0
1765814281067.0,0,61360.0,61360.0,0.0,1.0,8767,2.807143,718507264.0,1.0,0.0,0.0,0.0,0.0,0.0,0.591685,1,1,1,1
1765814281067.0,1,1.0,0.0,0.0,0.0,0,0.0,480.0,0.0,0.0,0.0,0.0,0.0,0.0,0.0,0,0,0,0
1765814282071.0,0,61372.0,61371.0,0.0,0.999984,8769,2.807096,718638464.0,1.0,0.0,0.0,0.0,0.0,1.6e-05,0.591934,1,1,1,1
1765814282071.0,1,1.0,0.0,0.0,0.0,0,0.0,480.0,0.0,0.0,0.0,0.0,0.0,0.0,0.0,0,0,0,0
1765814283075.0,0,97331.0,97330.0,0.0,0.99999,13907,2.807088,1139708080.0,1.0,0.0,0.0,0.0,0.0,1e-05,0.591844,1,1,1,1
1765814283075.0,1,1.0,0.0,0.0,0.0,0,0.0,480.0,0.0,0.0,0.0,0.0,0.0,0.0,0.0,0,0,0,0
1765814284079.0,0,156224.0,156223.0,0.0,0.999994,22320,2.807207,1829326272.0,1.0,0.0,0.0,0.0,0.0,6e-06,0.591796,1,1,1,1
1765814284079.0,1,1.0,0.0,0.0,0.0,0,0.0,480.0,0.0,0.0,0.0,0.0,0.0,0.0,0.0,0,0,0,0
1765814285083.0,0,156022.0,156021.0,0.0,0.999994,22290,2.807281,1826964128.0,1.0,0.0,0.0,0.0,0.0,6e-06,0.591777,1,1,1,1
1765814285083.0,1,1.0,0.0,0.0,0.0,0,0.0,480.0,0.0,0.0,0.0,0.0,0.0,0.0,0.0,0,0,0,0
1765814286087.0,0,159316.0,159315.0,0.0,0.999994,22761,2.807255,1865531904.0,1.0,0.0,0.0,0.0,0.0,6e-06,0.591798,1,1,1,1
1765814286087.0,1,1.0,0.0,0.0,0.0,0,0.0,480.0,0.0,0.0,0.0,0.0,0.0,0.0,0.0,0,0,0,0
1765814287091.0,0,158974.0,158973.0,0.0,0.999994,22712,2.807264,1861530400.0,1.0,0.0,0.0,0.0,0.0,6e-06,0.59178,1,1,1,1
1765814287091.0,1,1.0,0.0,0.0,0.0,0,0.0,480.0,0.0,0.0,0.0,0.0,0.0,0.0,0.0,0,0,0,0
1765814288095.0,0,159708.0,159707.0,0.0,0.999994,22817,2.807256,1870124928.0,1.0,0.0,0.0,0.0,0.0,6e-06,0.591782,1,1,1,1
1765814288095.0,1,1.0,0.0,0.0,0.0,0,0.0,480.0,0.0,0.0,0.0,0.0,0.0,0.0,0.0,0,0,0,0
1765814289099.0,0,154751.0,154750.0,0.0,0.999994,22111,2.807113,1812079472.0,1.0,0.0,0.0,0.0,0.0,6e-06,0.591787,1,1,1,1
1765814289099.0,1,1.0,0.0,0.0,0.0,0,0.0,480.0,0.0,0.0,0.0,0.0,0.0,0.0,0.0,0,0,0,0
1765814290103.0,0,159196.0,159195.0,0.0,0.999994,22745,2.807183,1864129152.0,1.0,0.0,0.0,0.0,0.0,6e-06,0.591784,1,1,1,1
1765814290103.0,1,1.0,0.0,0.0,0.0,0,0.0,480.0,0.0,0.0,0.0,0.0,0.0,0.0,0.0,0,0,0,0
1765814291108.0,0,148343.0,148342.0,0.0,0.999993,21194,2.807209,1737042416.0,1.0,0.0,0.0,0.0,0.0,7e-06,0.591799,1,1,1,1
1765814291108.0,1,1.0,0.0,0.0,0.0,0,0.0,480.0,0.0,0.0,0.0,0.0,0.0,0.0,0.0,0,0,0,0
1765814292112.0,0,155424.0,155423.0,0.0,0.999994,22206,2.807188,1819963328.0,1.0,0.0,0.0,0.0,0.0,6e-06,0.591768,1,1,1,1
1765814292112.0,1,1.0,0.0,0.0,0.0,0,0.0,480.0,0.0,0.0,0.0,0.0,0.0,0.0,0.0,0,0,0,0
1765814293116.0,0,166484.0,166483.0,0.0,0.999994,23786,2.807199,1949467136.0,1.0,0.0,0.0,0.0,0.0,6e-06,0.591793,1,1,1,1
1765814293116.0,1,1.0,0.0,0.0,0.0,0,0.0,480.0,0.0,0.0,0.0,0.0,0.0,0.0,0.0,0,0,0,0
1765814294120.0,0,152622.0,152621.0,0.0,0.999993,21806,2.807166,1787151904.0,1.0,0.0,0.0,0.0,0.0,7e-06,0.591774,1,1,1,1
1765814294120.0,1,1.0,0.0,0.0,0.0,0,0.0,480.0,0.0,0.0,0.0,0.0,0.0,0.0,0.0,0,0,0,0
1765814295124.0,0,165732.0,165731.0,0.0,0.999994,23680,2.807111,1940660224.0,1.0,0.0,0.0,0.0,0.0,6e-06,0.5918,1,1,1,1
1765814295124.0,1,1.0,0.0,0.0,0.0,0,0.0,480.0,0.0,0.0,0.0,0.0,0.0,0.0,0.0,0,0,0,0
1765814296128.0,0,165021.0,165020.0,0.0,0.999994,23578,2.807136,1932341456.0,1.0,0.0,0.0,0.0,0.0,6e-06,0.591763,1,1,1,1
1765814296128.0,1,1.0,0.0,0.0,0.0,0,0.0,480.0,0.0,0.0,0.0,0.0,0.0,0.0,0.0,0,0,0,0
1765814297132.0,0,163002.0,163001.0,0.0,0.999994,23291,2.807045,1908692704.0,1.0,0.0,0.0,0.0,0.0,6e-06,0.591802,1,1,1,1
1765814297132.0,1,1.0,0.0,0.0,0.0,0,0.0,480.0,0.0,0.0,0.0,0.0,0.0,0.0,0.0,0,0,0,0
1765814298136.0,0,163375.0,163374.0,0.0,0.999994,23341,2.807249,1913064048.0,1.0,0.0,0.0,0.0,0.0,6e-06,0.591782,1,1,1,1
1765814298136.0,1,1.0,0.0,0.0,0.0,0,0.0,480.0,0.0,0.0,0.0,0.0,0.0,0.0,0.0,0,0,0,0
1765814299140.0,0,166133.0,166132.0,0.0,0.999994,23734,2.807312,1945359440.0,1.0,0.0,0.0,0.0,0.0,6e-06,0.59178,1,1,1,1
1765814299140.0,1,1.0,0.0,0.0,0.0,0,0.0,480.0,0.0,0.0,0.0,0.0,0.0,0.0,0.0,0,0,0,0
1765814300144.0,0,167181.0,167180.0,0.0,0.999994,23887,2.807113,1957627600.0,1.0,0.0,0.0,0.0,0.0,6e-06,0.591799,1,1,1,1
1765814300144.0,1,1.0,0.0,0.0,0.0,0,0.0,480.0,0.0,0.0,0.0,0.0,0.0,0.0,0.0,0,0,0,0
1765814301148.0,0,167229.0,167228.0,0.0,0.999994,23893,2.807165,1958194896.0,1.0,0.0,0.0,0.0,0.0,6e-06,0.591771,1,1,1,1
1765814301148.0,1,1.0,0.0,0.0,0.0,0,0.0,480.0,0.0,0.0,0.0,0.0,0.0,0.0,0.0,0,0,0,0
1765814302152.0,0,171212.0,171211.0,0.0,0.999994,24460,2.807288,2004834688.0,1.0,0.0,0.0,0.0,0.0,6e-06,0.591769,1,1,1,1
1765814302152.0,1,1.0,0.0,0.0,0.0,0,0.0,480.0,0.0,0.0,0.0,0.0,0.0,0.0,0.0,0,0,0,0
1765814303157.0,0,170606.0,170605.0,0.0,0.999994,24376,2.807135,1997734176.0,1.0,0.0,0.0,0.0,0.0,6e-06,0.591793,1,1,1,1
1765814303157.0,1,1.0,0.0,0.0,0.0,0,0.0,480.0,0.0,0.0,0.0,0.0,0.0,0.0,0.0,0,0,0,0
1765814304161.0,0,166756.0,166755.0,0.0,0.999994,23826,2.80713,1952654592.0,1.0,0.0,0.0,0.0,0.0,6e-06,0.59178,1,1,1,1
1765814304161.0,1,1.0,0.0,0.0,0.0,0,0.0,480.0,0.0,0.0,0.0,0.0,0.0,0.0,0.0,0,0,0,0
1765814305165.0,0,172836.0,172834.0,0.0,0.999988,24694,2.807171,2023836816.0,1.0,0.0,0.0,0.0,0.0,6e-06,0.59189,1,1,1,1
1765814305165.0,1,2.0,0.0,0.0,0.0,0,0.0,960.0,0.0,0.0,0.0,0.0,0.0,0.0,0.0,0,0,0,0
1765814306169.0,0,168723.0,168722.0,0.0,0.999994,24105,2.807252,1975684784.0,1.0,0.0,0.0,0.0,0.0,6e-06,0.591794,1,1,1,1
1765814306169.0,1,1.0,0.0,0.0,0.0,0,0.0,480.0,0.0,0.0,0.0,0.0,0.0,0.0,0.0,0,0,0,0
1765814307173.0,0,164201.0,164200.0,0.0,0.999994,23460,2.807188,1922741904.0,1.0,0.0,0.0,0.0,0.0,6e-06,0.59175,1,1,1,1
1765814307173.0,1,1.0,0.0,0.0,0.0,0,0.0,480.0,0.0,0.0,0.0,0.0,0.0,0.0,0.0,0,0,0,0
1765814308177.0,0,163313.0,156653.0,952.0,0.959219,23336,2.80701,1912426928.0,1.0,0.034945,0.0,0.0,0.005829,6e-06,0.591795,1,1,1,1
1765814308177.0,1,2.0,0.0,0.0,0.0,1,1.0,1264.0,0.0,0.0,0.0,0.0,0.0,0.5,1.0,0,1,0,0
1765814309181.0,0,166821.0,130315.0,5215.0,0.781167,23836,2.807087,1953917168.0,1.0,0.187566,0.0,0.0,0.031261,6e-06,0.591775,0,1,1,1
1765814309181.0,1,2.0,0.0,0.0,0.0,1,1.0,1264.0,0.0,0.0,0.0,0.0,0.0,0.5,1.0,0,0,0,0
1765814310185.0,0,154286.0,106622.0,6809.0,0.691067,22047,2.806953,1807286912.0,1.0,0.264794,0.0,0.0,0.044132,6e-06,0.591795,0,1,1,1
1765814310185.0,1,2.0,0.0,0.0,0.0,1,1.0,1264.0,0.0,0.0,0.0,0.0,0.0,0.5,1.0,0,0,0,0
1765814311189.0,0,149484.0,145631.0,550.0,0.974225,21360,2.807008,1750458816.0,1.0,0.022089,0.0,0.0,0.003679,7e-06,0.591781,1,1,1,1
1765814311189.0,1,2.0,0.0,0.0,0.0,1,1.0,1264.0,0.0,0.0,0.0,0.0,0.0,0.5,1.0,0,0,0,0
1765814312193.0,0,155104.0,150648.0,636.0,0.971271,22162,2.807076,1816275360.0,1.0,0.024622,0.0,0.0,0.0041,6e-06,0.59178,1,1,1,1
1765814312193.0,1,1.0,0.0,0.0,0.0,0,0.0,480.0,0.0,0.0,0.0,0.0,0.0,0.0,0.0,0,0,0,0
1765814313197.0,0,156884.0,152411.0,639.0,0.971488,22418,2.806969,1837105104.0,1.0,0.024426,0.0,0.0,0.004073,6e-06,0.591908,1,1,1,1
1765814313197.0,1,2.0,0.0,0.0,0.0,0,0.0,960.0,0.0,0.0,0.0,0.0,0.0,0.0,0.0,0,0,0,0
1765814314201.0,0,155227.0,151430.0,542.0,0.975539,22181,2.806983,1817702608.0,1.0,0.020963,0.0,0.0,0.003492,6e-06,0.591804,1,1,1,1
1765814314201.0,1,1.0,0.0,0.0,0.0,0,0.0,480.0,0.0,0.0,0.0,0.0,0.0,0.0,0.0,0,0,0,0
1765814315205.0,0,146957.0,143118.0,549.0,0.973877,20999,2.807002,1720865360.0,1.0,0.022381,0.0,0.0,0.003736,7e-06,0.5918,1,1,1,1
1765814315205.0,1,2.0,0.0,0.0,0.0,1,1.0,1264.0,0.0,0.0,0.0,0.0,0.0,0.5,1.0,0,0,0,0
1765814316209.0,0,151239.0,143820.0,1059.0,0.950945,21610,2.807059,1771057520.0,1.0,0.042046,0.0,0.0,0.007002,7e-06,0.591785,1,1,1,1
1765814316209.0,1,2.0,0.0,0.0,0.0,1,1.0,1264.0,0.0,0.0,0.0,0.0,0.0,0.5,1.0,0,0,0,0
1765814317214.0,0,171820.0,139822.0,4571.0,0.81377,24549,2.807162,2012389792.0,1.0,0.159621,0.0,0.0,0.026603,6e-06,0.591785,0,1,1,1
1765814317214.0,1,2.0,0.0,0.0,0.0,1,1.0,1264.0,0.0,0.0,0.0,0.0,0.0,0.5,1.0,0,0,0,0
1765814318218.0,0,170757.0,131658.0,5586.0,0.771025,24399,2.807051,2000040112.0,1.0,0.196255,0.0,0.0,0.032713,6e-06,0.591784,0,1,1,1
1765814318218.0,1,2.0,0.0,0.0,0.0,1,1.0,1264.0,0.0,0.0,0.0,0.0,0.0,0.5,1.0,0,0,0,0
1765814319222.0,0,168421.0,111587.0,8119.0,0.662548,24064,2.807124,1972930288.0,1.0,0.289239,0.0,0.0,0.048207,6e-06,0.591781,0,1,1,1
1765814319222.0,1,2.0,0.0,0.0,0.0,1,1.0,1264.0,0.0,0.0,0.0,0.0,0.0,0.5,1.0,0,0,0,0
1765814320226.0,0,170864.0,109574.0,8755.0,0.641294,24412,2.807186,2001601088.0,1.0,0.307461,0.0,0.0,0.05124,6e-06,0.591764,0,1,1,1
1765814320226.0,1,2.0,0.0,0.0,0.0,1,1.0,1264.0,0.0,0.0,0.0,0.0,0.0,0.5,1.0,0,0,0,0
1765814321230.0,0,170955.0,128238.0,6103.0,0.750127,24427,2.807068,2002406256.0,1.0,0.214167,0.0,0.0,0.035699,6e-06,0.591795,0,1,1,1
1765814321230.0,1,2.0,0.0,0.0,0.0,1,1.0,1264.0,0.0,0.0,0.0,0.0,0.0,0.5,1.0,0,0,0,0
1765814322234.0,0,172248.0,113893.0,8336.0,0.661215,24611,2.807112,2017769024.0,1.0,0.290384,0.0,0.0,0.048395,6e-06,0.591753,0,1,1,1
1765814322234.0,1,2.0,0.0,0.0,0.0,1,1.0,1264.0,0.0,0.0,0.0,0.0,0.0,0.5,1.0,0,0,0,0
1765814323238.0,0,174127.0,155428.0,2671.0,0.892613,24881,2.807024,2039220496.0,1.0,0.092042,0.0,0.0,0.015339,6e-06,0.59179,1,1,1,1
1765814323238.0,1,1.0,0.0,0.0,0.0,0,0.0,480.0,0.0,0.0,0.0,0.0,0.0,0.0,0.0,0,0,0,0
1765814324242.0,0,170279.0,125615.0,6381.0,0.737701,24330,2.807092,1994518480.0,1.0,0.224819,0.0,0.0,0.037474,6e-06,0.591789,0,1,1,1
1765814324242.0,1,2.0,0.0,0.0,0.0,1,1.0,1264.0,0.0,0.0,0.0,0.0,0.0,0.5,1.0,0,0,0,0
1765814325246.0,0,174884.0,150606.0,3468.0,0.861177,24986,2.807206,2048167296.0,1.0,0.118987,0.0,0.0,0.01983,6e-06,0.591758,1,1,1,1
1765814325246.0,1,0.0,0.0,0.0,0.0,0,0.0,0.0,0.0,0.0,0.0,0.0,0.0,0.0,0.0,0,0,0,0
1765814326250.0,0,174098.0,141534.0,4652.0,0.812956,24877,2.807015,2039067872.0,1.0,0.160318,0.0,0.0,0.026721,6e-06,0.591807,0,1,1,1
1765814326250.0,1,2.0,0.0,0.0,0.0,1,1.0,1264.0,0.0,0.0,0.0,0.0,0.0,0.5,1.0,0,0,0,0
1765814327254.0,0,160467.0,109473.0,7284.0,0.682215,22928,2.807094,1879715888.0,1.0,0.272386,0.0,0.0,0.045393,6e-06,0.591758,0,1,1,1
1765814327254.0,1,2.0,0.0,0.0,0.0,1,1.0,1264.0,0.0,0.0,0.0,0.0,0.0,0.5,1.0,0,0,0,0
1765814328258.0,0,158746.0,152728.0,860.0,0.96209,22682,2.8071,1858938720.0,1.0,0.032486,0.0,0.0,0.005417,6e-06,0.591806,1,1,1,1
1765814328258.0,1,1.0,0.0,0.0,0.0,0,0.0,480.0,0.0,0.0,0.0,0.0,0.0,0.0,0.0,0,0,0,0
1765814329263.0,0,159834.0,155353.0,640.0,0.971965,22838,2.807066,1871661792.0,1.0,0.024025,0.0,0.0,0.004004,6e-06,0.591782,1,1,1,1
1765814329263.0,1,1.0,0.0,0.0,0.0,0,0.0,480.0,0.0,0.0,0.0,0.0,0.0,0.0,0.0,0,0,0,0
1765814330267.0,0,161395.0,156911.0,640.0,0.972217,23060,2.807131,1889940656.0,1.0,0.023811,0.0,0.0,0.003965,6e-06,0.591781,1,1,1,1
1765814330267.0,1,1.0,0.0,0.0,0.0,0,0.0,480.0,0.0,0.0,0.0,0.0,0.0,0.0,0.0,0,0,0,0
1765814331271.0,0,164875.0,160503.0,625.0,0.973483,23558,2.807084,1930689424.0,1.0,0.02272,0.0,0.0,0.003791,6e-06,0.591776,1,1,1,1
1765814331271.0,1,1.0,0.0,0.0,0.0,0,0.0,480.0,0.0,0.0,0.0,0.0,0.0,0.0,0.0,0,0,0,0
1765814332275.0,0,160658.0,118069.0,6084.0,0.734909,22957,2.806987,1881829600.0,1.0,0.227216,0.0,0.0,0.037869,6e-06,0.591802,0,1,1,1
1765814332275.0,1,2.0,0.0,0.0,0.0,1,1.0,1264.0,0.0,0.0,0.0,0.0,0.0,0.5,1.0,0,0,0,0
1765814333279.0,0,154351.0,106560.0,6827.0,0.690375,22053,2.807168,1808038944.0,1.0,0.265382,0.0,0.0,0.04423,6e-06,0.59191,0,1,1,1
1765814333279.0,1,3.0,0.0,0.0,0.0,1,1.584963,1744.0,0.0,0.0,0.0,0.0,0.0,0.333333,0.918296,0,0,0,0
1765814334283.0,0,155623.0,106284.0,7049.0,0.682958,22236,2.807086,1822968560.0,1.0,0.27174,0.0,0.0,0.045295,6e-06,0.591777,0,1,1,1
1765814334283.0,1,2.0,0.0,0.0,0.0,1,1.0,1264.0,0.0,0.0,0.0,0.0,0.0,0.5,1.0,0,0,0,0
1765814335287.0,0,172968.0,120130.0,7547.0,0.694522,24712,2.807221,2026118336.0,1.0,0.26184,0.0,0.0,0.043632,6e-06,0.591785,0,1,1,1
1765814335287.0,1,1.0,0.0,0.0,0.0,0,0.0,480.0,0.0,0.0,0.0,0.0,0.0,0.0,0.0,0,0,0,0
1765814336291.0,0,165173.0,157207.0,1138.0,0.951772,23600,2.807119,1934226960.0,1.0,0.041332,0.0,0.0,0.00689,6e-06,0.591783,1,1,1,1
1765814336291.0,1,1.0,0.0,0.0,0.0,0,0.0,480.0,0.0,0.0,0.0,0.0,0.0,0.0,0.0,0,0,0,0
1765814337295.0,0,157066.0,108032.0,7005.0,0.687813,22443,2.807033,1839859136.0,1.0,0.267582,0.0,0.0,0.044599,6e-06,0.59179,0,1,1,1
1765814337295.0,1,1.0,0.0,0.0,0.0,0,0.0,480.0,0.0,0.0,0.0,0.0,0.0,0.0,0.0,0,0,0,0
1765814338299.0,0,161280.0,111064.0,7173.0,0.688641,23043,2.807167,1889222512.0,1.0,0.266877,0.0,0.0,0.044475,0.0,0.591772,0,1,1,1
1765814338299.0,1,2.0,0.0,0.0,0.0,0,0.0,960.0,0.0,0.0,0.0,0.0,0.0,0.0,0.0,0,0,0,0
1765814339303.0,0,156247.0,107365.0,6983.0,0.687149,22325,2.807096,1830255136.0,1.0,0.268146,0.0,0.0,0.044692,6e-06,0.591909,0,1,1,1
1765814339303.0,1,2.0,0.0,0.0,0.0,0,0.0,960.0,0.0,0.0,0.0,0.0,0.0,0.0,0.0,0,0,0,0
1765814340307.0,0,166999.0,124344.0,6093.0,0.744579,23862,2.807053,1956072640.0,1.0,0.218923,0.0,0.0,0.036485,6e-06,0.591895,0,1,1,1
1765814340307.0,1,2.0,0.0,0.0,0.0,0,0.0,960.0,0.0,0.0,0.0,0.0,0.0,0.0,0.0,0,0,0,0
1765814341311.0,0,169288.0,137307.0,4569.0,0.811085,24188,2.807116,1982744128.0,1.0,0.161919,0.0,0.0,0.02699,6e-06,0.591767,0,1,1,1
1765814341311.0,1,0.0,0.0,0.0,0.0,0,0.0,0.0,0.0,0.0,0.0,0.0,0.0,0.0,0.0,0,0,0,0
1765814342315.0,0,156642.0,108736.0,6844.0,0.694169,22383,2.806996,1834877152.0,1.0,0.262133,0.0,0.0,0.043692,6e-06,0.5918,0,1,1,1
1765814342315.0,1,1.0,0.0,0.0,0.0,0,0.0,480.0,0.0,0.0,0.0,0.0,0.0,0.0,0.0,0,0,0,0
1765814343320.0,0,163781.0,120668.0,6158.0,0.736764,23402,2.807064,1918409456.0,1.0,0.225631,0.0,0.0,0.037599,6e-06,0.591781,0,1,1,1
1765814343320.0,1,1.0,0.0,0.0,0.0,0,0.0,480.0,0.0,0.0,0.0,0.0,0.0,0.0,0.0,0,0,0,0
1765814344324.0,0,163311.0,119863.0,6207.0,0.733955,23335,2.807055,1912910000.0,1.0,0.228031,0.0,0.0,0.038007,6e-06,0.591784,0,1,1,1
1765814344324.0,1,1.0,0.0,0.0,0.0,0,0.0,480.0,0.0,0.0,0.0,0.0,0.0,0.0,0.0,0,0,0,0
1765814345328.0,0,161785.0,111711.0,7153.0,0.69049,23117,2.807052,1895131984.0,1.0,0.26529,0.0,0.0,0.044213,6e-06,0.591785,0,1,1,1
1765814345328.0,1,1.0,0.0,0.0,0.0,0,0.0,480.0,0.0,0.0,0.0,0.0,0.0,0.0,0.0,0,0,0,0
1765814346332.0,0,163624.0,122675.0,5850.0,0.749737,23379,2.807099,1916542880.0,1.0,0.214504,0.0,0.0,0.035753,6e-06,0.591773,0,1,1,1
1765814346332.0,1,1.0,0.0,0.0,0.0,0,0.0,480.0,0.0,0.0,0.0,0.0,0.0,0.0,0.0,0,0,0,0
1765814347336.0,0,163647.0,136010.0,3948.0,0.831118,23383,2.807055,1916624880.0,1.0,0.144751,0.0,0.0,0.024125,6e-06,0.5918,0,1,1,1
1765814347336.0,1,1.0,0.0,0.0,0.0,0,0.0,480.0,0.0,0.0,0.0,0.0,0.0,0.0,0.0,0,0,0,0
